stateFIPS,stateAbbr,countyFIPS,county,date,confirmed,deaths
01,AL,01001,Autauga County,2020-01-22,0,0
01,AL,01003,Baldwin County,2020-01-22,0,0
01,AL,01005,Barbour County,2020-01-22,0,0
01,AL,01007,Bibb County,2020-01-22,0,0
01,AL,01009,Blount County,2020-01-22,0,0
01,AL,01011,Bullock County,2020-01-22,0,0
01,AL,01013,Butler County,2020-01-22,0,0
01,AL,01015,Calhoun County,2020-01-22,0,0
01,AL,01017,Chambers County,2020-01-22,0,0
01,AL,01019,Cherokee County,2020-01-22,0,0
01,AL,01021,Chilton County,2020-01-22,0,0
01,AL,01023,Choctaw County,2020-01-22,0,0
01,AL,01025,Clarke County,2020-01-22,0,0
01,AL,01027,Clay County,2020-01-22,0,0
01,AL,01029,Cleburne County,2020-01-22,0,0
01,AL,01031,Coffee County,2020-01-22,0,0
01,AL,01033,Colbert County,2020-01-22,0,0
01,AL,01035,Conecuh County,2020-01-22,0,0
01,AL,01037,Coosa County,2020-01-22,0,0
01,AL,01039,Covington County,2020-01-22,0,0
01,AL,01041,Crenshaw County,2020-01-22,0,0
01,AL,01043,Cullman County,2020-01-22,0,0
01,AL,01045,Dale County,2020-01-22,0,0
01,AL,01047,Dallas County,2020-01-22,0,0
01,AL,01049,DeKalb County,2020-01-22,0,0
01,AL,01051,Elmore County,2020-01-22,0,0
01,AL,01053,Escambia County,2020-01-22,0,0
01,AL,01055,Etowah County,2020-01-22,0,0
01,AL,01057,Fayette County,2020-01-22,0,0
01,AL,01059,Franklin County,2020-01-22,0,0
01,AL,01061,Geneva County,2020-01-22,0,0
01,AL,01063,Greene County,2020-01-22,0,0
01,AL,01065,Hale County,2020-01-22,0,0
01,AL,01067,Henry County,2020-01-22,0,0
01,AL,01069,Houston County,2020-01-22,0,0
01,AL,01071,Jackson County,2020-01-22,0,0
01,AL,01073,Jefferson County,2020-01-22,0,0
01,AL,01075,Lamar County,2020-01-22,0,0
01,AL,01077,Lauderdale County,2020-01-22,0,0
01,AL,01079,Lawrence County,2020-01-22,0,0
01,AL,01081,Lee County,2020-01-22,0,0
01,AL,01083,Limestone County,2020-01-22,0,0
01,AL,01085,Lowndes County,2020-01-22,0,0
01,AL,01087,Macon County,2020-01-22,0,0
01,AL,01089,Madison County,2020-01-22,0,0
01,AL,01091,Marengo County,2020-01-22,0,0
01,AL,01093,Marion County,2020-01-22,0,0
01,AL,01095,Marshall County,2020-01-22,0,0
01,AL,01097,Mobile County,2020-01-22,0,0
01,AL,01099,Monroe County,2020-01-22,0,0
01,AL,01101,Montgomery County,2020-01-22,0,0
01,AL,01103,Morgan County,2020-01-22,0,0
01,AL,01105,Perry County,2020-01-22,0,0
01,AL,01107,Pickens County,2020-01-22,0,0
01,AL,01109,Pike County,2020-01-22,0,0
01,AL,01111,Randolph County,2020-01-22,0,0
01,AL,01113,Russell County,2020-01-22,0,0
01,AL,01115,St. Clair County,2020-01-22,0,0
01,AL,01117,Shelby County,2020-01-22,0,0
01,AL,01119,Sumter County,2020-01-22,0,0
01,AL,01121,Talladega County,2020-01-22,0,0
01,AL,01123,Tallapoosa County,2020-01-22,0,0
01,AL,01125,Tuscaloosa County,2020-01-22,0,0
01,AL,01127,Walker County,2020-01-22,0,0
01,AL,01129,Washington County,2020-01-22,0,0
01,AL,01131,Wilcox County,2020-01-22,0,0
01,AL,01133,Winston County,2020-01-22,0,0
02,AK,02013,Aleutians East Borough,2020-01-22,0,0
02,AK,02016,Aleutians West Census Area,2020-01-22,0,0
02,AK,02020,Municipality of Anchorage,2020-01-22,0,0
02,AK,02050,Bethel Census Area,2020-01-22,0,0
02,AK,02060,Bristol Bay Borough,2020-01-22,0,0
02,AK,02068,Denali Borough,2020-01-22,0,0
02,AK,02070,Dillingham Census Area,2020-01-22,0,0
02,AK,02090,Fairbanks North Star Borough,2020-01-22,0,0
02,AK,02100,Haines Borough,2020-01-22,0,0
02,AK,02105,Hoonah-Angoon Census Area,2020-01-22,0,0
02,AK,02110,City and Borough of Juneau,2020-01-22,0,0
02,AK,02122,Kenai Peninsula Borough,2020-01-22,0,0
02,AK,02130,Ketchikan Gateway Borough,2020-01-22,0,0
02,AK,02150,Kodiak Island Borough,2020-01-22,0,0
02,AK,02158,Kusilvak Census Area,2020-01-22,0,0
02,AK,02164,Lake and Peninsula Borough,2020-01-22,0,0
02,AK,02170,Matanuska-Susitna Borough,2020-01-22,0,0
02,AK,02180,Nome Census Area,2020-01-22,0,0
02,AK,02185,North Slope Borough,2020-01-22,0,0
02,AK,02188,Northwest Arctic Borough,2020-01-22,0,0
02,AK,02195,Petersburg Census Area,2020-01-22,0,0
02,AK,02198,Prince of Wales-Hyder Census Area,2020-01-22,0,0
02,AK,02220,Sitka City and Borough,2020-01-22,0,0
02,AK,02230,Skagway Municipality,2020-01-22,0,0
02,AK,02240,Southeast Fairbanks Census Area,2020-01-22,0,0
02,AK,02261,Valdez-Cordova Census Area,2020-01-22,0,0
02,AK,02270,Wade Hampton Census Area,2020-01-22,0,0
02,AK,02275,Wrangell City and Borough,2020-01-22,0,0
02,AK,02282,Yakutat City and Borough,2020-01-22,0,0
02,AK,02290,Yukon-Koyukuk Census Area,2020-01-22,0,0
04,AZ,04001,Apache County,2020-01-22,0,0
04,AZ,04003,Cochise County,2020-01-22,0,0
04,AZ,04005,Coconino County,2020-01-22,0,0
04,AZ,04007,Gila County,2020-01-22,0,0
04,AZ,04009,Graham County,2020-01-22,0,0
04,AZ,04011,Greenlee County,2020-01-22,0,0
04,AZ,04012,La Paz County,2020-01-22,0,0
04,AZ,04013,Maricopa County,2020-01-22,0,0
04,AZ,04015,Mohave County,2020-01-22,0,0
04,AZ,04017,Navajo County,2020-01-22,0,0
04,AZ,04019,Pima County,2020-01-22,0,0
04,AZ,04021,Pinal County,2020-01-22,0,0
04,AZ,04023,Santa Cruz County,2020-01-22,0,0
04,AZ,04025,Yavapai County,2020-01-22,0,0
04,AZ,04027,Yuma County,2020-01-22,0,0
05,AR,05001,Arkansas County,2020-01-22,0,0
05,AR,05003,Ashley County,2020-01-22,0,0
05,AR,05005,Baxter County,2020-01-22,0,0
05,AR,05007,Benton County,2020-01-22,0,0
05,AR,05009,Boone County,2020-01-22,0,0
05,AR,05011,Bradley County,2020-01-22,0,0
05,AR,05013,Calhoun County,2020-01-22,0,0
05,AR,05015,Carroll County,2020-01-22,0,0
05,AR,05017,Chicot County,2020-01-22,0,0
05,AR,05019,Clark County,2020-01-22,0,0
05,AR,05021,Clay County,2020-01-22,0,0
05,AR,05023,Cleburne County,2020-01-22,0,0
05,AR,05025,Cleveland County,2020-01-22,0,0
05,AR,05027,Columbia County,2020-01-22,0,0
05,AR,05029,Conway County,2020-01-22,0,0
05,AR,05031,Craighead County,2020-01-22,0,0
05,AR,05033,Crawford County,2020-01-22,0,0
05,AR,05035,Crittenden County,2020-01-22,0,0
05,AR,05037,Cross County,2020-01-22,0,0
05,AR,05039,Dallas County,2020-01-22,0,0
05,AR,05041,Desha County,2020-01-22,0,0
05,AR,05043,Drew County,2020-01-22,0,0
05,AR,05045,Faulkner County,2020-01-22,0,0
05,AR,05047,Franklin County,2020-01-22,0,0
05,AR,05049,Fulton County,2020-01-22,0,0
05,AR,05051,Garland County,2020-01-22,0,0
05,AR,05053,Grant County,2020-01-22,0,0
05,AR,05055,Greene County,2020-01-22,0,0
05,AR,05057,Hempstead County,2020-01-22,0,0
05,AR,05059,Hot Spring County,2020-01-22,0,0
05,AR,05061,Howard County,2020-01-22,0,0
05,AR,05063,Independence County,2020-01-22,0,0
05,AR,05065,Izard County,2020-01-22,0,0
05,AR,05067,Jackson County,2020-01-22,0,0
05,AR,05069,Jefferson County,2020-01-22,0,0
05,AR,05071,Johnson County,2020-01-22,0,0
05,AR,05073,Lafayette County,2020-01-22,0,0
05,AR,05075,Lawrence County,2020-01-22,0,0
05,AR,05077,Lee County,2020-01-22,0,0
05,AR,05079,Lincoln County,2020-01-22,0,0
05,AR,05081,Little River County,2020-01-22,0,0
05,AR,05083,Logan County,2020-01-22,0,0
05,AR,05085,Lonoke County,2020-01-22,0,0
05,AR,05087,Madison County,2020-01-22,0,0
05,AR,05089,Marion County,2020-01-22,0,0
05,AR,05091,Miller County,2020-01-22,0,0
05,AR,05093,Mississippi County,2020-01-22,0,0
05,AR,05095,Monroe County,2020-01-22,0,0
05,AR,05097,Montgomery County,2020-01-22,0,0
05,AR,05099,Nevada County,2020-01-22,0,0
05,AR,05101,Newton County,2020-01-22,0,0
05,AR,05103,Ouachita County,2020-01-22,0,0
05,AR,05105,Perry County,2020-01-22,0,0
05,AR,05107,Phillips County,2020-01-22,0,0
05,AR,05109,Pike County,2020-01-22,0,0
05,AR,05111,Poinsett County,2020-01-22,0,0
05,AR,05113,Polk County,2020-01-22,0,0
05,AR,05115,Pope County,2020-01-22,0,0
05,AR,05117,Prairie County,2020-01-22,0,0
05,AR,05119,Pulaski County,2020-01-22,0,0
05,AR,05121,Randolph County,2020-01-22,0,0
05,AR,05123,St. Francis County,2020-01-22,0,0
05,AR,05125,Saline County,2020-01-22,0,0
05,AR,05127,Scott County,2020-01-22,0,0
05,AR,05129,Searcy County,2020-01-22,0,0
05,AR,05131,Sebastian County,2020-01-22,0,0
05,AR,05133,Sevier County,2020-01-22,0,0
05,AR,05135,Sharp County,2020-01-22,0,0
05,AR,05137,Stone County,2020-01-22,0,0
05,AR,05139,Union County,2020-01-22,0,0
05,AR,05141,Van Buren County,2020-01-22,0,0
05,AR,05143,Washington County,2020-01-22,0,0
05,AR,05145,White County,2020-01-22,0,0
05,AR,05147,Woodruff County,2020-01-22,0,0
05,AR,05149,Yell County,2020-01-22,0,0
06,CA,06000,Grand Princess Cruise Ship,2020-01-22,0,0
06,CA,06001,Alameda County,2020-01-22,0,0
06,CA,06003,Alpine County,2020-01-22,0,0
06,CA,06005,Amador County,2020-01-22,0,0
06,CA,06007,Butte County,2020-01-22,0,0
06,CA,06009,Calaveras County,2020-01-22,0,0
06,CA,06011,Colusa County,2020-01-22,0,0
06,CA,06013,Contra Costa County,2020-01-22,0,0
06,CA,06015,Del Norte County,2020-01-22,0,0
06,CA,06017,El Dorado County,2020-01-22,0,0
06,CA,06019,Fresno County,2020-01-22,0,0
06,CA,06021,Glenn County,2020-01-22,0,0
06,CA,06023,Humboldt County,2020-01-22,0,0
06,CA,06025,Imperial County,2020-01-22,0,0
06,CA,06027,Inyo County,2020-01-22,0,0
06,CA,06029,Kern County,2020-01-22,0,0
06,CA,06031,Kings County,2020-01-22,0,0
06,CA,06033,Lake County,2020-01-22,0,0
06,CA,06035,Lassen County,2020-01-22,0,0
06,CA,06037,Los Angeles County,2020-01-22,0,0
06,CA,06039,Madera County,2020-01-22,0,0
06,CA,06041,Marin County,2020-01-22,0,0
06,CA,06043,Mariposa County,2020-01-22,0,0
06,CA,06045,Mendocino County,2020-01-22,0,0
06,CA,06047,Merced County,2020-01-22,0,0
06,CA,06049,Modoc County,2020-01-22,0,0
06,CA,06051,Mono County,2020-01-22,0,0
06,CA,06053,Monterey County,2020-01-22,0,0
06,CA,06055,Napa County,2020-01-22,0,0
06,CA,06057,Nevada County,2020-01-22,0,0
06,CA,06059,Orange County,2020-01-22,0,0
06,CA,06061,Placer County,2020-01-22,0,0
06,CA,06063,Plumas County,2020-01-22,0,0
06,CA,06065,Riverside County,2020-01-22,0,0
06,CA,06067,Sacramento County,2020-01-22,0,0
06,CA,06069,San Benito County,2020-01-22,0,0
06,CA,06071,San Bernardino County,2020-01-22,0,0
06,CA,06073,San Diego County,2020-01-22,0,0
06,CA,06075,San Francisco County,2020-01-22,0,0
06,CA,06077,San Joaquin County,2020-01-22,0,0
06,CA,06079,San Luis Obispo County,2020-01-22,0,0
06,CA,06081,San Mateo County,2020-01-22,0,0
06,CA,06083,Santa Barbara County,2020-01-22,0,0
06,CA,06085,Santa Clara County,2020-01-22,0,0
06,CA,06087,Santa Cruz County,2020-01-22,0,0
06,CA,06089,Shasta County,2020-01-22,0,0
06,CA,06091,Sierra County,2020-01-22,0,0
06,CA,06093,Siskiyou County,2020-01-22,0,0
06,CA,06095,Solano County,2020-01-22,0,0
06,CA,06097,Sonoma County,2020-01-22,0,0
06,CA,06099,Stanislaus County,2020-01-22,0,0
06,CA,06101,Sutter County,2020-01-22,0,0
06,CA,06103,Tehama County,2020-01-22,0,0
06,CA,06105,Trinity County,2020-01-22,0,0
06,CA,06107,Tulare County,2020-01-22,0,0
06,CA,06109,Tuolumne County,2020-01-22,0,0
06,CA,06111,Ventura County,2020-01-22,0,0
06,CA,06113,Yolo County,2020-01-22,0,0
06,CA,06115,Yuba County,2020-01-22,0,0
08,CO,08001,Adams County,2020-01-22,0,0
08,CO,08003,Alamosa County,2020-01-22,0,0
08,CO,08005,Arapahoe County,2020-01-22,0,0
08,CO,08007,Archuleta County,2020-01-22,0,0
08,CO,08009,Baca County,2020-01-22,0,0
08,CO,08011,Bent County,2020-01-22,0,0
08,CO,08013,Boulder County,2020-01-22,0,0
08,CO,08014,Broomfield County and City,2020-01-22,0,0
08,CO,08015,Chaffee County,2020-01-22,0,0
08,CO,08017,Cheyenne County,2020-01-22,0,0
08,CO,08019,Clear Creek County,2020-01-22,0,0
08,CO,08021,Conejos County,2020-01-22,0,0
08,CO,08023,Costilla County,2020-01-22,0,0
08,CO,08025,Crowley County,2020-01-22,0,0
08,CO,08027,Custer County,2020-01-22,0,0
08,CO,08029,Delta County,2020-01-22,0,0
08,CO,08031,Denver County,2020-01-22,0,0
08,CO,08033,Dolores County,2020-01-22,0,0
08,CO,08035,Douglas County,2020-01-22,0,0
08,CO,08037,Eagle County,2020-01-22,0,0
08,CO,08039,Elbert County,2020-01-22,0,0
08,CO,08041,El Paso County,2020-01-22,0,0
08,CO,08043,Fremont County,2020-01-22,0,0
08,CO,08045,Garfield County,2020-01-22,0,0
08,CO,08047,Gilpin County,2020-01-22,0,0
08,CO,08049,Grand County,2020-01-22,0,0
08,CO,08051,Gunnison County,2020-01-22,0,0
08,CO,08053,Hinsdale County,2020-01-22,0,0
08,CO,08055,Huerfano County,2020-01-22,0,0
08,CO,08057,Jackson County,2020-01-22,0,0
08,CO,08059,Jefferson County,2020-01-22,0,0
08,CO,08061,Kiowa County,2020-01-22,0,0
08,CO,08063,Kit Carson County,2020-01-22,0,0
08,CO,08065,Lake County,2020-01-22,0,0
08,CO,08067,La Plata County,2020-01-22,0,0
08,CO,08069,Larimer County,2020-01-22,0,0
08,CO,08071,Las Animas County,2020-01-22,0,0
08,CO,08073,Lincoln County,2020-01-22,0,0
08,CO,08075,Logan County,2020-01-22,0,0
08,CO,08077,Mesa County,2020-01-22,0,0
08,CO,08079,Mineral County,2020-01-22,0,0
08,CO,08081,Moffat County,2020-01-22,0,0
08,CO,08083,Montezuma County,2020-01-22,0,0
08,CO,08085,Montrose County,2020-01-22,0,0
08,CO,08087,Morgan County,2020-01-22,0,0
08,CO,08089,Otero County,2020-01-22,0,0
08,CO,08091,Ouray County,2020-01-22,0,0
08,CO,08093,Park County,2020-01-22,0,0
08,CO,08095,Phillips County,2020-01-22,0,0
08,CO,08097,Pitkin County,2020-01-22,0,0
08,CO,08099,Prowers County,2020-01-22,0,0
08,CO,08101,Pueblo County,2020-01-22,0,0
08,CO,08103,Rio Blanco County,2020-01-22,0,0
08,CO,08105,Rio Grande County,2020-01-22,0,0
08,CO,08107,Routt County,2020-01-22,0,0
08,CO,08109,Saguache County,2020-01-22,0,0
08,CO,08111,San Juan County,2020-01-22,0,0
08,CO,08113,San Miguel County,2020-01-22,0,0
08,CO,08115,Sedgwick County,2020-01-22,0,0
08,CO,08117,Summit County,2020-01-22,0,0
08,CO,08119,Teller County,2020-01-22,0,0
08,CO,08121,Washington County,2020-01-22,0,0
08,CO,08123,Weld County,2020-01-22,0,0
08,CO,08125,Yuma County,2020-01-22,0,0
09,CT,09001,Fairfield County,2020-01-22,0,0
09,CT,09003,Hartford County,2020-01-22,0,0
09,CT,09005,Litchfield County,2020-01-22,0,0
09,CT,09007,Middlesex County,2020-01-22,0,0
09,CT,09009,New Haven County,2020-01-22,0,0
09,CT,09011,New London County,2020-01-22,0,0
09,CT,09013,Tolland County,2020-01-22,0,0
09,CT,09015,Windham County,2020-01-22,0,0
10,DE,10001,Kent County,2020-01-22,0,0
10,DE,10003,New Castle County,2020-01-22,0,0
10,DE,10005,Sussex County,2020-01-22,0,0
11,DC,11001,Washington,2020-01-22,0,0
12,FL,12001,Alachua County,2020-01-22,0,0
12,FL,12003,Baker County,2020-01-22,0,0
12,FL,12005,Bay County,2020-01-22,0,0
12,FL,12007,Bradford County,2020-01-22,0,0
12,FL,12009,Brevard County,2020-01-22,0,0
12,FL,12011,Broward County,2020-01-22,0,0
12,FL,12013,Calhoun County,2020-01-22,0,0
12,FL,12015,Charlotte County,2020-01-22,0,0
12,FL,12017,Citrus County,2020-01-22,0,0
12,FL,12019,Clay County,2020-01-22,0,0
12,FL,12021,Collier County,2020-01-22,0,0
12,FL,12023,Columbia County,2020-01-22,0,0
12,FL,12027,DeSoto County,2020-01-22,0,0
12,FL,12029,Dixie County,2020-01-22,0,0
12,FL,12031,Duval County,2020-01-22,0,0
12,FL,12033,Escambia County,2020-01-22,0,0
12,FL,12035,Flagler County,2020-01-22,0,0
12,FL,12037,Franklin County,2020-01-22,0,0
12,FL,12039,Gadsden County,2020-01-22,0,0
12,FL,12041,Gilchrist County,2020-01-22,0,0
12,FL,12043,Glades County,2020-01-22,0,0
12,FL,12045,Gulf County,2020-01-22,0,0
12,FL,12047,Hamilton County,2020-01-22,0,0
12,FL,12049,Hardee County,2020-01-22,0,0
12,FL,12051,Hendry County,2020-01-22,0,0
12,FL,12053,Hernando County,2020-01-22,0,0
12,FL,12055,Highlands County,2020-01-22,0,0
12,FL,12057,Hillsborough County,2020-01-22,0,0
12,FL,12059,Holmes County,2020-01-22,0,0
12,FL,12061,Indian River County,2020-01-22,0,0
12,FL,12063,Jackson County,2020-01-22,0,0
12,FL,12065,Jefferson County,2020-01-22,0,0
12,FL,12067,Lafayette County,2020-01-22,0,0
12,FL,12069,Lake County,2020-01-22,0,0
12,FL,12071,Lee County,2020-01-22,0,0
12,FL,12073,Leon County,2020-01-22,0,0
12,FL,12075,Levy County,2020-01-22,0,0
12,FL,12077,Liberty County,2020-01-22,0,0
12,FL,12079,Madison County,2020-01-22,0,0
12,FL,12081,Manatee County,2020-01-22,0,0
12,FL,12083,Marion County,2020-01-22,0,0
12,FL,12085,Martin County,2020-01-22,0,0
12,FL,12086,Miami-Dade County,2020-01-22,0,0
12,FL,12087,Monroe County,2020-01-22,0,0
12,FL,12089,Nassau County,2020-01-22,0,0
12,FL,12091,Okaloosa County,2020-01-22,0,0
12,FL,12093,Okeechobee County,2020-01-22,0,0
12,FL,12095,Orange County,2020-01-22,0,0
12,FL,12097,Osceola County,2020-01-22,0,0
12,FL,12099,Palm Beach County,2020-01-22,0,0
12,FL,12101,Pasco County,2020-01-22,0,0
12,FL,12103,Pinellas County,2020-01-22,0,0
12,FL,12105,Polk County,2020-01-22,0,0
12,FL,12107,Putnam County,2020-01-22,0,0
12,FL,12109,St. Johns County,2020-01-22,0,0
12,FL,12111,St. Lucie County,2020-01-22,0,0
12,FL,12113,Santa Rosa County,2020-01-22,0,0
12,FL,12115,Sarasota County,2020-01-22,0,0
12,FL,12117,Seminole County,2020-01-22,0,0
12,FL,12119,Sumter County,2020-01-22,0,0
12,FL,12121,Suwannee County,2020-01-22,0,0
12,FL,12123,Taylor County,2020-01-22,0,0
12,FL,12125,Union County,2020-01-22,0,0
12,FL,12127,Volusia County,2020-01-22,0,0
12,FL,12129,Wakulla County,2020-01-22,0,0
12,FL,12131,Walton County,2020-01-22,0,0
12,FL,12133,Washington County,2020-01-22,0,0
13,GA,13001,Appling County,2020-01-22,0,0
13,GA,13003,Atkinson County,2020-01-22,0,0
13,GA,13005,Bacon County,2020-01-22,0,0
13,GA,13007,Baker County,2020-01-22,0,0
13,GA,13009,Baldwin County,2020-01-22,0,0
13,GA,13011,Banks County,2020-01-22,0,0
13,GA,13013,Barrow County,2020-01-22,0,0
13,GA,13015,Bartow County,2020-01-22,0,0
13,GA,13017,Ben Hill County,2020-01-22,0,0
13,GA,13019,Berrien County,2020-01-22,0,0
13,GA,13021,Bibb County,2020-01-22,0,0
13,GA,13023,Bleckley County,2020-01-22,0,0
13,GA,13025,Brantley County,2020-01-22,0,0
13,GA,13027,Brooks County,2020-01-22,0,0
13,GA,13029,Bryan County,2020-01-22,0,0
13,GA,13031,Bulloch County,2020-01-22,0,0
13,GA,13033,Burke County,2020-01-22,0,0
13,GA,13035,Butts County,2020-01-22,0,0
13,GA,13037,Calhoun County,2020-01-22,0,0
13,GA,13039,Camden County,2020-01-22,0,0
13,GA,13043,Candler County,2020-01-22,0,0
13,GA,13045,Carroll County,2020-01-22,0,0
13,GA,13047,Catoosa County,2020-01-22,0,0
13,GA,13049,Charlton County,2020-01-22,0,0
13,GA,13051,Chatham County,2020-01-22,0,0
13,GA,13053,Chattahoochee County,2020-01-22,0,0
13,GA,13055,Chattooga County,2020-01-22,0,0
13,GA,13057,Cherokee County,2020-01-22,0,0
13,GA,13059,Clarke County,2020-01-22,0,0
13,GA,13061,Clay County,2020-01-22,0,0
13,GA,13063,Clayton County,2020-01-22,0,0
13,GA,13065,Clinch County,2020-01-22,0,0
13,GA,13067,Cobb County,2020-01-22,0,0
13,GA,13069,Coffee County,2020-01-22,0,0
13,GA,13071,Colquitt County,2020-01-22,0,0
13,GA,13073,Columbia County,2020-01-22,0,0
13,GA,13075,Cook County,2020-01-22,0,0
13,GA,13077,Coweta County,2020-01-22,0,0
13,GA,13079,Crawford County,2020-01-22,0,0
13,GA,13081,Crisp County,2020-01-22,0,0
13,GA,13083,Dade County,2020-01-22,0,0
13,GA,13085,Dawson County,2020-01-22,0,0
13,GA,13087,Decatur County,2020-01-22,0,0
13,GA,13089,DeKalb County,2020-01-22,0,0
13,GA,13091,Dodge County,2020-01-22,0,0
13,GA,13093,Dooly County,2020-01-22,0,0
13,GA,13095,Dougherty County,2020-01-22,0,0
13,GA,13097,Douglas County,2020-01-22,0,0
13,GA,13099,Early County,2020-01-22,0,0
13,GA,13101,Echols County,2020-01-22,0,0
13,GA,13103,Effingham County,2020-01-22,0,0
13,GA,13105,Elbert County,2020-01-22,0,0
13,GA,13107,Emanuel County,2020-01-22,0,0
13,GA,13109,Evans County,2020-01-22,0,0
13,GA,13111,Fannin County,2020-01-22,0,0
13,GA,13113,Fayette County,2020-01-22,0,0
13,GA,13115,Floyd County,2020-01-22,0,0
13,GA,13117,Forsyth County,2020-01-22,0,0
13,GA,13119,Franklin County,2020-01-22,0,0
13,GA,13121,Fulton County,2020-01-22,0,0
13,GA,13123,Gilmer County,2020-01-22,0,0
13,GA,13125,Glascock County,2020-01-22,0,0
13,GA,13127,Glynn County,2020-01-22,0,0
13,GA,13129,Gordon County,2020-01-22,0,0
13,GA,13131,Grady County,2020-01-22,0,0
13,GA,13133,Greene County,2020-01-22,0,0
13,GA,13135,Gwinnett County,2020-01-22,0,0
13,GA,13137,Habersham County,2020-01-22,0,0
13,GA,13139,Hall County,2020-01-22,0,0
13,GA,13141,Hancock County,2020-01-22,0,0
13,GA,13143,Haralson County,2020-01-22,0,0
13,GA,13145,Harris County,2020-01-22,0,0
13,GA,13147,Hart County,2020-01-22,0,0
13,GA,13149,Heard County,2020-01-22,0,0
13,GA,13151,Henry County,2020-01-22,0,0
13,GA,13153,Houston County,2020-01-22,0,0
13,GA,13155,Irwin County,2020-01-22,0,0
13,GA,13157,Jackson County,2020-01-22,0,0
13,GA,13159,Jasper County,2020-01-22,0,0
13,GA,13161,Jeff Davis County,2020-01-22,0,0
13,GA,13163,Jefferson County,2020-01-22,0,0
13,GA,13165,Jenkins County,2020-01-22,0,0
13,GA,13167,Johnson County,2020-01-22,0,0
13,GA,13169,Jones County,2020-01-22,0,0
13,GA,13171,Lamar County,2020-01-22,0,0
13,GA,13173,Lanier County,2020-01-22,0,0
13,GA,13175,Laurens County,2020-01-22,0,0
13,GA,13177,Lee County,2020-01-22,0,0
13,GA,13179,Liberty County,2020-01-22,0,0
13,GA,13181,Lincoln County,2020-01-22,0,0
13,GA,13183,Long County,2020-01-22,0,0
13,GA,13185,Lowndes County,2020-01-22,0,0
13,GA,13187,Lumpkin County,2020-01-22,0,0
13,GA,13189,McDuffie County,2020-01-22,0,0
13,GA,13191,McIntosh County,2020-01-22,0,0
13,GA,13193,Macon County,2020-01-22,0,0
13,GA,13195,Madison County,2020-01-22,0,0
13,GA,13197,Marion County,2020-01-22,0,0
13,GA,13199,Meriwether County,2020-01-22,0,0
13,GA,13201,Miller County,2020-01-22,0,0
13,GA,13205,Mitchell County,2020-01-22,0,0
13,GA,13207,Monroe County,2020-01-22,0,0
13,GA,13209,Montgomery County,2020-01-22,0,0
13,GA,13211,Morgan County,2020-01-22,0,0
13,GA,13213,Murray County,2020-01-22,0,0
13,GA,13215,Muscogee County,2020-01-22,0,0
13,GA,13217,Newton County,2020-01-22,0,0
13,GA,13219,Oconee County,2020-01-22,0,0
13,GA,13221,Oglethorpe County,2020-01-22,0,0
13,GA,13223,Paulding County,2020-01-22,0,0
13,GA,13225,Peach County,2020-01-22,0,0
13,GA,13227,Pickens County,2020-01-22,0,0
13,GA,13229,Pierce County,2020-01-22,0,0
13,GA,13231,Pike County,2020-01-22,0,0
13,GA,13233,Polk County,2020-01-22,0,0
13,GA,13235,Pulaski County,2020-01-22,0,0
13,GA,13237,Putnam County,2020-01-22,0,0
13,GA,13239,Quitman County,2020-01-22,0,0
13,GA,13241,Rabun County,2020-01-22,0,0
13,GA,13243,Randolph County,2020-01-22,0,0
13,GA,13245,Richmond County,2020-01-22,0,0
13,GA,13247,Rockdale County,2020-01-22,0,0
13,GA,13249,Schley County,2020-01-22,0,0
13,GA,13251,Screven County,2020-01-22,0,0
13,GA,13253,Seminole County,2020-01-22,0,0
13,GA,13255,Spalding County,2020-01-22,0,0
13,GA,13257,Stephens County,2020-01-22,0,0
13,GA,13259,Stewart County,2020-01-22,0,0
13,GA,13261,Sumter County,2020-01-22,0,0
13,GA,13263,Talbot County,2020-01-22,0,0
13,GA,13265,Taliaferro County,2020-01-22,0,0
13,GA,13267,Tattnall County,2020-01-22,0,0
13,GA,13269,Taylor County,2020-01-22,0,0
13,GA,13271,Telfair County,2020-01-22,0,0
13,GA,13273,Terrell County,2020-01-22,0,0
13,GA,13275,Thomas County,2020-01-22,0,0
13,GA,13277,Tift County,2020-01-22,0,0
13,GA,13279,Toombs County,2020-01-22,0,0
13,GA,13281,Towns County,2020-01-22,0,0
13,GA,13283,Treutlen County,2020-01-22,0,0
13,GA,13285,Troup County,2020-01-22,0,0
13,GA,13287,Turner County,2020-01-22,0,0
13,GA,13289,Twiggs County,2020-01-22,0,0
13,GA,13291,Union County,2020-01-22,0,0
13,GA,13293,Upson County,2020-01-22,0,0
13,GA,13295,Walker County,2020-01-22,0,0
13,GA,13297,Walton County,2020-01-22,0,0
13,GA,13299,Ware County,2020-01-22,0,0
13,GA,13301,Warren County,2020-01-22,0,0
13,GA,13303,Washington County,2020-01-22,0,0
13,GA,13305,Wayne County,2020-01-22,0,0
13,GA,13307,Webster County,2020-01-22,0,0
13,GA,13309,Wheeler County,2020-01-22,0,0
13,GA,13311,White County,2020-01-22,0,0
13,GA,13313,Whitfield County,2020-01-22,0,0
13,GA,13315,Wilcox County,2020-01-22,0,0
13,GA,13317,Wilkes County,2020-01-22,0,0
13,GA,13319,Wilkinson County,2020-01-22,0,0
13,GA,13321,Worth County,2020-01-22,0,0
15,HI,15001,Hawaii County,2020-01-22,0,0
15,HI,15003,Honolulu County,2020-01-22,0,0
15,HI,15005,Kalawao County,2020-01-22,0,0
15,HI,15007,Kauai County,2020-01-22,0,0
15,HI,15009,Maui County,2020-01-22,0,0
16,ID,16001,Ada County,2020-01-22,0,0
16,ID,16003,Adams County,2020-01-22,0,0
16,ID,16005,Bannock County,2020-01-22,0,0
16,ID,16007,Bear Lake County,2020-01-22,0,0
16,ID,16009,Benewah County,2020-01-22,0,0
16,ID,16011,Bingham County,2020-01-22,0,0
16,ID,16013,Blaine County,2020-01-22,0,0
16,ID,16015,Boise County,2020-01-22,0,0
16,ID,16017,Bonner County,2020-01-22,0,0
16,ID,16019,Bonneville County,2020-01-22,0,0
16,ID,16021,Boundary County,2020-01-22,0,0
16,ID,16023,Butte County,2020-01-22,0,0
16,ID,16025,Camas County,2020-01-22,0,0
16,ID,16027,Canyon County,2020-01-22,0,0
16,ID,16029,Caribou County,2020-01-22,0,0
16,ID,16031,Cassia County,2020-01-22,0,0
16,ID,16033,Clark County,2020-01-22,0,0
16,ID,16035,Clearwater County,2020-01-22,0,0
16,ID,16037,Custer County,2020-01-22,0,0
16,ID,16039,Elmore County,2020-01-22,0,0
16,ID,16041,Franklin County,2020-01-22,0,0
16,ID,16043,Fremont County,2020-01-22,0,0
16,ID,16045,Gem County,2020-01-22,0,0
16,ID,16047,Gooding County,2020-01-22,0,0
16,ID,16049,Idaho County,2020-01-22,0,0
16,ID,16051,Jefferson County,2020-01-22,0,0
16,ID,16053,Jerome County,2020-01-22,0,0
16,ID,16055,Kootenai County,2020-01-22,0,0
16,ID,16057,Latah County,2020-01-22,0,0
16,ID,16059,Lemhi County,2020-01-22,0,0
16,ID,16061,Lewis County,2020-01-22,0,0
16,ID,16063,Lincoln County,2020-01-22,0,0
16,ID,16065,Madison County,2020-01-22,0,0
16,ID,16067,Minidoka County,2020-01-22,0,0
16,ID,16069,Nez Perce County,2020-01-22,0,0
16,ID,16071,Oneida County,2020-01-22,0,0
16,ID,16073,Owyhee County,2020-01-22,0,0
16,ID,16075,Payette County,2020-01-22,0,0
16,ID,16077,Power County,2020-01-22,0,0
16,ID,16079,Shoshone County,2020-01-22,0,0
16,ID,16081,Teton County,2020-01-22,0,0
16,ID,16083,Twin Falls County,2020-01-22,0,0
16,ID,16085,Valley County,2020-01-22,0,0
16,ID,16087,Washington County,2020-01-22,0,0
17,IL,17001,Adams County,2020-01-22,0,0
17,IL,17003,Alexander County,2020-01-22,0,0
17,IL,17005,Bond County,2020-01-22,0,0
17,IL,17007,Boone County,2020-01-22,0,0
17,IL,17009,Brown County,2020-01-22,0,0
17,IL,17011,Bureau County,2020-01-22,0,0
17,IL,17013,Calhoun County,2020-01-22,0,0
17,IL,17015,Carroll County,2020-01-22,0,0
17,IL,17017,Cass County,2020-01-22,0,0
17,IL,17019,Champaign County,2020-01-22,0,0
17,IL,17021,Christian County,2020-01-22,0,0
17,IL,17023,Clark County,2020-01-22,0,0
17,IL,17025,Clay County,2020-01-22,0,0
17,IL,17027,Clinton County,2020-01-22,0,0
17,IL,17029,Coles County,2020-01-22,0,0
17,IL,17031,Cook County,2020-01-22,0,0
17,IL,17033,Crawford County,2020-01-22,0,0
17,IL,17035,Cumberland County,2020-01-22,0,0
17,IL,17037,DeKalb County,2020-01-22,0,0
17,IL,17039,De Witt County,2020-01-22,0,0
17,IL,17041,Douglas County,2020-01-22,0,0
17,IL,17043,DuPage County,2020-01-22,0,0
17,IL,17045,Edgar County,2020-01-22,0,0
17,IL,17047,Edwards County,2020-01-22,0,0
17,IL,17049,Effingham County,2020-01-22,0,0
17,IL,17051,Fayette County,2020-01-22,0,0
17,IL,17053,Ford County,2020-01-22,0,0
17,IL,17055,Franklin County,2020-01-22,0,0
17,IL,17057,Fulton County,2020-01-22,0,0
17,IL,17059,Gallatin County,2020-01-22,0,0
17,IL,17061,Greene County,2020-01-22,0,0
17,IL,17063,Grundy County,2020-01-22,0,0
17,IL,17065,Hamilton County,2020-01-22,0,0
17,IL,17067,Hancock County,2020-01-22,0,0
17,IL,17069,Hardin County,2020-01-22,0,0
17,IL,17071,Henderson County,2020-01-22,0,0
17,IL,17073,Henry County,2020-01-22,0,0
17,IL,17075,Iroquois County,2020-01-22,0,0
17,IL,17077,Jackson County,2020-01-22,0,0
17,IL,17079,Jasper County,2020-01-22,0,0
17,IL,17081,Jefferson County,2020-01-22,0,0
17,IL,17083,Jersey County,2020-01-22,0,0
17,IL,17085,Jo Daviess County,2020-01-22,0,0
17,IL,17087,Johnson County,2020-01-22,0,0
17,IL,17089,Kane County,2020-01-22,0,0
17,IL,17091,Kankakee County,2020-01-22,0,0
17,IL,17093,Kendall County,2020-01-22,0,0
17,IL,17095,Knox County,2020-01-22,0,0
17,IL,17097,Lake County,2020-01-22,0,0
17,IL,17099,LaSalle County,2020-01-22,0,0
17,IL,17101,Lawrence County,2020-01-22,0,0
17,IL,17103,Lee County,2020-01-22,0,0
17,IL,17105,Livingston County,2020-01-22,0,0
17,IL,17107,Logan County,2020-01-22,0,0
17,IL,17109,McDonough County,2020-01-22,0,0
17,IL,17111,McHenry County,2020-01-22,0,0
17,IL,17113,McLean County,2020-01-22,0,0
17,IL,17115,Macon County,2020-01-22,0,0
17,IL,17117,Macoupin County,2020-01-22,0,0
17,IL,17119,Madison County,2020-01-22,0,0
17,IL,17121,Marion County,2020-01-22,0,0
17,IL,17123,Marshall County,2020-01-22,0,0
17,IL,17125,Mason County,2020-01-22,0,0
17,IL,17127,Massac County,2020-01-22,0,0
17,IL,17129,Menard County,2020-01-22,0,0
17,IL,17131,Mercer County,2020-01-22,0,0
17,IL,17133,Monroe County,2020-01-22,0,0
17,IL,17135,Montgomery County,2020-01-22,0,0
17,IL,17137,Morgan County,2020-01-22,0,0
17,IL,17139,Moultrie County,2020-01-22,0,0
17,IL,17141,Ogle County,2020-01-22,0,0
17,IL,17143,Peoria County,2020-01-22,0,0
17,IL,17145,Perry County,2020-01-22,0,0
17,IL,17147,Piatt County,2020-01-22,0,0
17,IL,17149,Pike County,2020-01-22,0,0
17,IL,17151,Pope County,2020-01-22,0,0
17,IL,17153,Pulaski County,2020-01-22,0,0
17,IL,17155,Putnam County,2020-01-22,0,0
17,IL,17157,Randolph County,2020-01-22,0,0
17,IL,17159,Richland County,2020-01-22,0,0
17,IL,17161,Rock Island County,2020-01-22,0,0
17,IL,17163,St. Clair County,2020-01-22,0,0
17,IL,17165,Saline County,2020-01-22,0,0
17,IL,17167,Sangamon County,2020-01-22,0,0
17,IL,17169,Schuyler County,2020-01-22,0,0
17,IL,17171,Scott County,2020-01-22,0,0
17,IL,17173,Shelby County,2020-01-22,0,0
17,IL,17175,Stark County,2020-01-22,0,0
17,IL,17177,Stephenson County,2020-01-22,0,0
17,IL,17179,Tazewell County,2020-01-22,0,0
17,IL,17181,Union County,2020-01-22,0,0
17,IL,17183,Vermilion County,2020-01-22,0,0
17,IL,17185,Wabash County,2020-01-22,0,0
17,IL,17187,Warren County,2020-01-22,0,0
17,IL,17189,Washington County,2020-01-22,0,0
17,IL,17191,Wayne County,2020-01-22,0,0
17,IL,17193,White County,2020-01-22,0,0
17,IL,17195,Whiteside County,2020-01-22,0,0
17,IL,17197,Will County,2020-01-22,0,0
17,IL,17199,Williamson County,2020-01-22,0,0
17,IL,17201,Winnebago County,2020-01-22,0,0
17,IL,17203,Woodford County,2020-01-22,0,0
18,IN,18001,Adams County,2020-01-22,0,0
18,IN,18003,Allen County,2020-01-22,0,0
18,IN,18005,Bartholomew County,2020-01-22,0,0
18,IN,18007,Benton County,2020-01-22,0,0
18,IN,18009,Blackford County,2020-01-22,0,0
18,IN,18011,Boone County,2020-01-22,0,0
18,IN,18013,Brown County,2020-01-22,0,0
18,IN,18015,Carroll County,2020-01-22,0,0
18,IN,18017,Cass County,2020-01-22,0,0
18,IN,18019,Clark County,2020-01-22,0,0
18,IN,18021,Clay County,2020-01-22,0,0
18,IN,18023,Clinton County,2020-01-22,0,0
18,IN,18025,Crawford County,2020-01-22,0,0
18,IN,18027,Daviess County,2020-01-22,0,0
18,IN,18029,Dearborn County,2020-01-22,0,0
18,IN,18031,Decatur County,2020-01-22,0,0
18,IN,18033,DeKalb County,2020-01-22,0,0
18,IN,18035,Delaware County,2020-01-22,0,0
18,IN,18037,Dubois County,2020-01-22,0,0
18,IN,18039,Elkhart County,2020-01-22,0,0
18,IN,18041,Fayette County,2020-01-22,0,0
18,IN,18043,Floyd County,2020-01-22,0,0
18,IN,18045,Fountain County,2020-01-22,0,0
18,IN,18047,Franklin County,2020-01-22,0,0
18,IN,18049,Fulton County,2020-01-22,0,0
18,IN,18051,Gibson County,2020-01-22,0,0
18,IN,18053,Grant County,2020-01-22,0,0
18,IN,18055,Greene County,2020-01-22,0,0
18,IN,18057,Hamilton County,2020-01-22,0,0
18,IN,18059,Hancock County,2020-01-22,0,0
18,IN,18061,Harrison County,2020-01-22,0,0
18,IN,18063,Hendricks County,2020-01-22,0,0
18,IN,18065,Henry County,2020-01-22,0,0
18,IN,18067,Howard County,2020-01-22,0,0
18,IN,18069,Huntington County,2020-01-22,0,0
18,IN,18071,Jackson County,2020-01-22,0,0
18,IN,18073,Jasper County,2020-01-22,0,0
18,IN,18075,Jay County,2020-01-22,0,0
18,IN,18077,Jefferson County,2020-01-22,0,0
18,IN,18079,Jennings County,2020-01-22,0,0
18,IN,18081,Johnson County,2020-01-22,0,0
18,IN,18083,Knox County,2020-01-22,0,0
18,IN,18085,Kosciusko County,2020-01-22,0,0
18,IN,18087,LaGrange County,2020-01-22,0,0
18,IN,18089,Lake County,2020-01-22,0,0
18,IN,18091,LaPorte County,2020-01-22,0,0
18,IN,18093,Lawrence County,2020-01-22,0,0
18,IN,18095,Madison County,2020-01-22,0,0
18,IN,18097,Marion County,2020-01-22,0,0
18,IN,18099,Marshall County,2020-01-22,0,0
18,IN,18101,Martin County,2020-01-22,0,0
18,IN,18103,Miami County,2020-01-22,0,0
18,IN,18105,Monroe County,2020-01-22,0,0
18,IN,18107,Montgomery County,2020-01-22,0,0
18,IN,18109,Morgan County,2020-01-22,0,0
18,IN,18111,Newton County,2020-01-22,0,0
18,IN,18113,Noble County,2020-01-22,0,0
18,IN,18115,Ohio County,2020-01-22,0,0
18,IN,18117,Orange County,2020-01-22,0,0
18,IN,18119,Owen County,2020-01-22,0,0
18,IN,18121,Parke County,2020-01-22,0,0
18,IN,18123,Perry County,2020-01-22,0,0
18,IN,18125,Pike County,2020-01-22,0,0
18,IN,18127,Porter County,2020-01-22,0,0
18,IN,18129,Posey County,2020-01-22,0,0
18,IN,18131,Pulaski County,2020-01-22,0,0
18,IN,18133,Putnam County,2020-01-22,0,0
18,IN,18135,Randolph County,2020-01-22,0,0
18,IN,18137,Ripley County,2020-01-22,0,0
18,IN,18139,Rush County,2020-01-22,0,0
18,IN,18141,St. Joseph County,2020-01-22,0,0
18,IN,18143,Scott County,2020-01-22,0,0
18,IN,18145,Shelby County,2020-01-22,0,0
18,IN,18147,Spencer County,2020-01-22,0,0
18,IN,18149,Starke County,2020-01-22,0,0
18,IN,18151,Steuben County,2020-01-22,0,0
18,IN,18153,Sullivan County,2020-01-22,0,0
18,IN,18155,Switzerland County,2020-01-22,0,0
18,IN,18157,Tippecanoe County,2020-01-22,0,0
18,IN,18159,Tipton County,2020-01-22,0,0
18,IN,18161,Union County,2020-01-22,0,0
18,IN,18163,Vanderburgh County,2020-01-22,0,0
18,IN,18165,Vermillion County,2020-01-22,0,0
18,IN,18167,Vigo County,2020-01-22,0,0
18,IN,18169,Wabash County,2020-01-22,0,0
18,IN,18171,Warren County,2020-01-22,0,0
18,IN,18173,Warrick County,2020-01-22,0,0
18,IN,18175,Washington County,2020-01-22,0,0
18,IN,18177,Wayne County,2020-01-22,0,0
18,IN,18179,Wells County,2020-01-22,0,0
18,IN,18181,White County,2020-01-22,0,0
18,IN,18183,Whitley County,2020-01-22,0,0
19,IA,19001,Adair County,2020-01-22,0,0
19,IA,19003,Adams County,2020-01-22,0,0
19,IA,19005,Allamakee County,2020-01-22,0,0
19,IA,19007,Appanoose County,2020-01-22,0,0
19,IA,19009,Audubon County,2020-01-22,0,0
19,IA,19011,Benton County,2020-01-22,0,0
19,IA,19013,Black Hawk County,2020-01-22,0,0
19,IA,19015,Boone County,2020-01-22,0,0
19,IA,19017,Bremer County,2020-01-22,0,0
19,IA,19019,Buchanan County,2020-01-22,0,0
19,IA,19021,Buena Vista County,2020-01-22,0,0
19,IA,19023,Butler County,2020-01-22,0,0
19,IA,19025,Calhoun County,2020-01-22,0,0
19,IA,19027,Carroll County,2020-01-22,0,0
19,IA,19029,Cass County,2020-01-22,0,0
19,IA,19031,Cedar County,2020-01-22,0,0
19,IA,19033,Cerro Gordo County,2020-01-22,0,0
19,IA,19035,Cherokee County,2020-01-22,0,0
19,IA,19037,Chickasaw County,2020-01-22,0,0
19,IA,19039,Clarke County,2020-01-22,0,0
19,IA,19041,Clay County,2020-01-22,0,0
19,IA,19043,Clayton County,2020-01-22,0,0
19,IA,19045,Clinton County,2020-01-22,0,0
19,IA,19047,Crawford County,2020-01-22,0,0
19,IA,19049,Dallas County,2020-01-22,0,0
19,IA,19051,Davis County,2020-01-22,0,0
19,IA,19053,Decatur County,2020-01-22,0,0
19,IA,19055,Delaware County,2020-01-22,0,0
19,IA,19057,Des Moines County,2020-01-22,0,0
19,IA,19059,Dickinson County,2020-01-22,0,0
19,IA,19061,Dubuque County,2020-01-22,0,0
19,IA,19063,Emmet County,2020-01-22,0,0
19,IA,19065,Fayette County,2020-01-22,0,0
19,IA,19067,Floyd County,2020-01-22,0,0
19,IA,19069,Franklin County,2020-01-22,0,0
19,IA,19071,Fremont County,2020-01-22,0,0
19,IA,19073,Greene County,2020-01-22,0,0
19,IA,19075,Grundy County,2020-01-22,0,0
19,IA,19077,Guthrie County,2020-01-22,0,0
19,IA,19079,Hamilton County,2020-01-22,0,0
19,IA,19081,Hancock County,2020-01-22,0,0
19,IA,19083,Hardin County,2020-01-22,0,0
19,IA,19085,Harrison County,2020-01-22,0,0
19,IA,19087,Henry County,2020-01-22,0,0
19,IA,19089,Howard County,2020-01-22,0,0
19,IA,19091,Humboldt County,2020-01-22,0,0
19,IA,19093,Ida County,2020-01-22,0,0
19,IA,19095,Iowa County,2020-01-22,0,0
19,IA,19097,Jackson County,2020-01-22,0,0
19,IA,19099,Jasper County,2020-01-22,0,0
19,IA,19101,Jefferson County,2020-01-22,0,0
19,IA,19103,Johnson County,2020-01-22,0,0
19,IA,19105,Jones County,2020-01-22,0,0
19,IA,19107,Keokuk County,2020-01-22,0,0
19,IA,19109,Kossuth County,2020-01-22,0,0
19,IA,19111,Lee County,2020-01-22,0,0
19,IA,19113,Linn County,2020-01-22,0,0
19,IA,19115,Louisa County,2020-01-22,0,0
19,IA,19117,Lucas County,2020-01-22,0,0
19,IA,19119,Lyon County,2020-01-22,0,0
19,IA,19121,Madison County,2020-01-22,0,0
19,IA,19123,Mahaska County,2020-01-22,0,0
19,IA,19125,Marion County,2020-01-22,0,0
19,IA,19127,Marshall County,2020-01-22,0,0
19,IA,19129,Mills County,2020-01-22,0,0
19,IA,19131,Mitchell County,2020-01-22,0,0
19,IA,19133,Monona County,2020-01-22,0,0
19,IA,19135,Monroe County,2020-01-22,0,0
19,IA,19137,Montgomery County,2020-01-22,0,0
19,IA,19139,Muscatine County,2020-01-22,0,0
19,IA,19141,O'Brien County,2020-01-22,0,0
19,IA,19143,Osceola County,2020-01-22,0,0
19,IA,19145,Page County,2020-01-22,0,0
19,IA,19147,Palo Alto County,2020-01-22,0,0
19,IA,19149,Plymouth County,2020-01-22,0,0
19,IA,19151,Pocahontas County,2020-01-22,0,0
19,IA,19153,Polk County,2020-01-22,0,0
19,IA,19155,Pottawattamie County,2020-01-22,0,0
19,IA,19157,Poweshiek County,2020-01-22,0,0
19,IA,19159,Ringgold County,2020-01-22,0,0
19,IA,19161,Sac County,2020-01-22,0,0
19,IA,19163,Scott County,2020-01-22,0,0
19,IA,19165,Shelby County,2020-01-22,0,0
19,IA,19167,Sioux County,2020-01-22,0,0
19,IA,19169,Story County,2020-01-22,0,0
19,IA,19171,Tama County,2020-01-22,0,0
19,IA,19173,Taylor County,2020-01-22,0,0
19,IA,19175,Union County,2020-01-22,0,0
19,IA,19177,Van Buren County,2020-01-22,0,0
19,IA,19179,Wapello County,2020-01-22,0,0
19,IA,19181,Warren County,2020-01-22,0,0
19,IA,19183,Washington County,2020-01-22,0,0
19,IA,19185,Wayne County,2020-01-22,0,0
19,IA,19187,Webster County,2020-01-22,0,0
19,IA,19189,Winnebago County,2020-01-22,0,0
19,IA,19191,Winneshiek County,2020-01-22,0,0
19,IA,19193,Woodbury County,2020-01-22,0,0
19,IA,19195,Worth County,2020-01-22,0,0
19,IA,19197,Wright County,2020-01-22,0,0
20,KS,20001,Allen County,2020-01-22,0,0
20,KS,20003,Anderson County,2020-01-22,0,0
20,KS,20005,Atchison County,2020-01-22,0,0
20,KS,20007,Barber County,2020-01-22,0,0
20,KS,20009,Barton County,2020-01-22,0,0
20,KS,20011,Bourbon County,2020-01-22,0,0
20,KS,20013,Brown County,2020-01-22,0,0
20,KS,20015,Butler County,2020-01-22,0,0
20,KS,20017,Chase County,2020-01-22,0,0
20,KS,20019,Chautauqua County,2020-01-22,0,0
20,KS,20021,Cherokee County,2020-01-22,0,0
20,KS,20023,Cheyenne County,2020-01-22,0,0
20,KS,20025,Clark County,2020-01-22,0,0
20,KS,20027,Clay County,2020-01-22,0,0
20,KS,20029,Cloud County,2020-01-22,0,0
20,KS,20031,Coffey County,2020-01-22,0,0
20,KS,20033,Comanche County,2020-01-22,0,0
20,KS,20035,Cowley County,2020-01-22,0,0
20,KS,20037,Crawford County,2020-01-22,0,0
20,KS,20039,Decatur County,2020-01-22,0,0
20,KS,20041,Dickinson County,2020-01-22,0,0
20,KS,20043,Doniphan County,2020-01-22,0,0
20,KS,20045,Douglas County,2020-01-22,0,0
20,KS,20047,Edwards County,2020-01-22,0,0
20,KS,20049,Elk County,2020-01-22,0,0
20,KS,20051,Ellis County,2020-01-22,0,0
20,KS,20053,Ellsworth County,2020-01-22,0,0
20,KS,20055,Finney County,2020-01-22,0,0
20,KS,20057,Ford County,2020-01-22,0,0
20,KS,20059,Franklin County,2020-01-22,0,0
20,KS,20061,Geary County,2020-01-22,0,0
20,KS,20063,Gove County,2020-01-22,0,0
20,KS,20065,Graham County,2020-01-22,0,0
20,KS,20067,Grant County,2020-01-22,0,0
20,KS,20069,Gray County,2020-01-22,0,0
20,KS,20071,Greeley County,2020-01-22,0,0
20,KS,20073,Greenwood County,2020-01-22,0,0
20,KS,20075,Hamilton County,2020-01-22,0,0
20,KS,20077,Harper County,2020-01-22,0,0
20,KS,20079,Harvey County,2020-01-22,0,0
20,KS,20081,Haskell County,2020-01-22,0,0
20,KS,20083,Hodgeman County,2020-01-22,0,0
20,KS,20085,Jackson County,2020-01-22,0,0
20,KS,20087,Jefferson County,2020-01-22,0,0
20,KS,20089,Jewell County,2020-01-22,0,0
20,KS,20091,Johnson County,2020-01-22,0,0
20,KS,20093,Kearny County,2020-01-22,0,0
20,KS,20095,Kingman County,2020-01-22,0,0
20,KS,20097,Kiowa County,2020-01-22,0,0
20,KS,20099,Labette County,2020-01-22,0,0
20,KS,20101,Lane County,2020-01-22,0,0
20,KS,20103,Leavenworth County,2020-01-22,0,0
20,KS,20105,Lincoln County,2020-01-22,0,0
20,KS,20107,Linn County,2020-01-22,0,0
20,KS,20109,Logan County,2020-01-22,0,0
20,KS,20111,Lyon County,2020-01-22,0,0
20,KS,20113,McPherson County,2020-01-22,0,0
20,KS,20115,Marion County,2020-01-22,0,0
20,KS,20117,Marshall County,2020-01-22,0,0
20,KS,20119,Meade County,2020-01-22,0,0
20,KS,20121,Miami County,2020-01-22,0,0
20,KS,20123,Mitchell County,2020-01-22,0,0
20,KS,20125,Montgomery County,2020-01-22,0,0
20,KS,20127,Morris County,2020-01-22,0,0
20,KS,20129,Morton County,2020-01-22,0,0
20,KS,20131,Nemaha County,2020-01-22,0,0
20,KS,20133,Neosho County,2020-01-22,0,0
20,KS,20135,Ness County,2020-01-22,0,0
20,KS,20137,Norton County,2020-01-22,0,0
20,KS,20139,Osage County,2020-01-22,0,0
20,KS,20141,Osborne County,2020-01-22,0,0
20,KS,20143,Ottawa County,2020-01-22,0,0
20,KS,20145,Pawnee County,2020-01-22,0,0
20,KS,20147,Phillips County,2020-01-22,0,0
20,KS,20149,Pottawatomie County,2020-01-22,0,0
20,KS,20151,Pratt County,2020-01-22,0,0
20,KS,20153,Rawlins County,2020-01-22,0,0
20,KS,20155,Reno County,2020-01-22,0,0
20,KS,20157,Republic County,2020-01-22,0,0
20,KS,20159,Rice County,2020-01-22,0,0
20,KS,20161,Riley County,2020-01-22,0,0
20,KS,20163,Rooks County,2020-01-22,0,0
20,KS,20165,Rush County,2020-01-22,0,0
20,KS,20167,Russell County,2020-01-22,0,0
20,KS,20169,Saline County,2020-01-22,0,0
20,KS,20171,Scott County,2020-01-22,0,0
20,KS,20173,Sedgwick County,2020-01-22,0,0
20,KS,20175,Seward County,2020-01-22,0,0
20,KS,20177,Shawnee County,2020-01-22,0,0
20,KS,20179,Sheridan County,2020-01-22,0,0
20,KS,20181,Sherman County,2020-01-22,0,0
20,KS,20183,Smith County,2020-01-22,0,0
20,KS,20185,Stafford County,2020-01-22,0,0
20,KS,20187,Stanton County,2020-01-22,0,0
20,KS,20189,Stevens County,2020-01-22,0,0
20,KS,20191,Sumner County,2020-01-22,0,0
20,KS,20193,Thomas County,2020-01-22,0,0
20,KS,20195,Trego County,2020-01-22,0,0
20,KS,20197,Wabaunsee County,2020-01-22,0,0
20,KS,20199,Wallace County,2020-01-22,0,0
20,KS,20201,Washington County,2020-01-22,0,0
20,KS,20203,Wichita County,2020-01-22,0,0
20,KS,20205,Wilson County,2020-01-22,0,0
20,KS,20207,Woodson County,2020-01-22,0,0
20,KS,20209,Wyandotte County,2020-01-22,0,0
21,KY,21001,Adair County,2020-01-22,0,0
21,KY,21003,Allen County,2020-01-22,0,0
21,KY,21005,Anderson County,2020-01-22,0,0
21,KY,21007,Ballard County,2020-01-22,0,0
21,KY,21009,Barren County,2020-01-22,0,0
21,KY,21011,Bath County,2020-01-22,0,0
21,KY,21013,Bell County,2020-01-22,0,0
21,KY,21015,Boone County,2020-01-22,0,0
21,KY,21017,Bourbon County,2020-01-22,0,0
21,KY,21019,Boyd County,2020-01-22,0,0
21,KY,21021,Boyle County,2020-01-22,0,0
21,KY,21023,Bracken County,2020-01-22,0,0
21,KY,21025,Breathitt County,2020-01-22,0,0
21,KY,21027,Breckinridge County,2020-01-22,0,0
21,KY,21029,Bullitt County,2020-01-22,0,0
21,KY,21031,Butler County,2020-01-22,0,0
21,KY,21033,Caldwell County,2020-01-22,0,0
21,KY,21035,Calloway County,2020-01-22,0,0
21,KY,21037,Campbell County,2020-01-22,0,0
21,KY,21039,Carlisle County,2020-01-22,0,0
21,KY,21041,Carroll County,2020-01-22,0,0
21,KY,21043,Carter County,2020-01-22,0,0
21,KY,21045,Casey County,2020-01-22,0,0
21,KY,21047,Christian County,2020-01-22,0,0
21,KY,21049,Clark County,2020-01-22,0,0
21,KY,21051,Clay County,2020-01-22,0,0
21,KY,21053,Clinton County,2020-01-22,0,0
21,KY,21055,Crittenden County,2020-01-22,0,0
21,KY,21057,Cumberland County,2020-01-22,0,0
21,KY,21059,Daviess County,2020-01-22,0,0
21,KY,21061,Edmonson County,2020-01-22,0,0
21,KY,21063,Elliott County,2020-01-22,0,0
21,KY,21065,Estill County,2020-01-22,0,0
21,KY,21067,Fayette County,2020-01-22,0,0
21,KY,21069,Fleming County,2020-01-22,0,0
21,KY,21071,Floyd County,2020-01-22,0,0
21,KY,21073,Franklin County,2020-01-22,0,0
21,KY,21075,Fulton County,2020-01-22,0,0
21,KY,21077,Gallatin County,2020-01-22,0,0
21,KY,21079,Garrard County,2020-01-22,0,0
21,KY,21081,Grant County,2020-01-22,0,0
21,KY,21083,Graves County,2020-01-22,0,0
21,KY,21085,Grayson County,2020-01-22,0,0
21,KY,21087,Green County,2020-01-22,0,0
21,KY,21089,Greenup County,2020-01-22,0,0
21,KY,21091,Hancock County,2020-01-22,0,0
21,KY,21093,Hardin County,2020-01-22,0,0
21,KY,21095,Harlan County,2020-01-22,0,0
21,KY,21097,Harrison County,2020-01-22,0,0
21,KY,21099,Hart County,2020-01-22,0,0
21,KY,21101,Henderson County,2020-01-22,0,0
21,KY,21103,Henry County,2020-01-22,0,0
21,KY,21105,Hickman County,2020-01-22,0,0
21,KY,21107,Hopkins County,2020-01-22,0,0
21,KY,21109,Jackson County,2020-01-22,0,0
21,KY,21111,Jefferson County,2020-01-22,0,0
21,KY,21113,Jessamine County,2020-01-22,0,0
21,KY,21115,Johnson County,2020-01-22,0,0
21,KY,21117,Kenton County,2020-01-22,0,0
21,KY,21119,Knott County,2020-01-22,0,0
21,KY,21121,Knox County,2020-01-22,0,0
21,KY,21123,Larue County,2020-01-22,0,0
21,KY,21125,Laurel County,2020-01-22,0,0
21,KY,21127,Lawrence County,2020-01-22,0,0
21,KY,21129,Lee County,2020-01-22,0,0
21,KY,21131,Leslie County,2020-01-22,0,0
21,KY,21133,Letcher County,2020-01-22,0,0
21,KY,21135,Lewis County,2020-01-22,0,0
21,KY,21137,Lincoln County,2020-01-22,0,0
21,KY,21139,Livingston County,2020-01-22,0,0
21,KY,21141,Logan County,2020-01-22,0,0
21,KY,21143,Lyon County,2020-01-22,0,0
21,KY,21145,McCracken County,2020-01-22,0,0
21,KY,21147,McCreary County,2020-01-22,0,0
21,KY,21149,McLean County,2020-01-22,0,0
21,KY,21151,Madison County,2020-01-22,0,0
21,KY,21153,Magoffin County,2020-01-22,0,0
21,KY,21155,Marion County,2020-01-22,0,0
21,KY,21157,Marshall County,2020-01-22,0,0
21,KY,21159,Martin County,2020-01-22,0,0
21,KY,21161,Mason County,2020-01-22,0,0
21,KY,21163,Meade County,2020-01-22,0,0
21,KY,21165,Menifee County,2020-01-22,0,0
21,KY,21167,Mercer County,2020-01-22,0,0
21,KY,21169,Metcalfe County,2020-01-22,0,0
21,KY,21171,Monroe County,2020-01-22,0,0
21,KY,21173,Montgomery County,2020-01-22,0,0
21,KY,21175,Morgan County,2020-01-22,0,0
21,KY,21177,Muhlenberg County,2020-01-22,0,0
21,KY,21179,Nelson County,2020-01-22,0,0
21,KY,21181,Nicholas County,2020-01-22,0,0
21,KY,21183,Ohio County,2020-01-22,0,0
21,KY,21185,Oldham County,2020-01-22,0,0
21,KY,21187,Owen County,2020-01-22,0,0
21,KY,21189,Owsley County,2020-01-22,0,0
21,KY,21191,Pendleton County,2020-01-22,0,0
21,KY,21193,Perry County,2020-01-22,0,0
21,KY,21195,Pike County,2020-01-22,0,0
21,KY,21197,Powell County,2020-01-22,0,0
21,KY,21199,Pulaski County,2020-01-22,0,0
21,KY,21201,Robertson County,2020-01-22,0,0
21,KY,21203,Rockcastle County,2020-01-22,0,0
21,KY,21205,Rowan County,2020-01-22,0,0
21,KY,21207,Russell County,2020-01-22,0,0
21,KY,21209,Scott County,2020-01-22,0,0
21,KY,21211,Shelby County,2020-01-22,0,0
21,KY,21213,Simpson County,2020-01-22,0,0
21,KY,21215,Spencer County,2020-01-22,0,0
21,KY,21217,Taylor County,2020-01-22,0,0
21,KY,21219,Todd County,2020-01-22,0,0
21,KY,21221,Trigg County,2020-01-22,0,0
21,KY,21223,Trimble County,2020-01-22,0,0
21,KY,21225,Union County,2020-01-22,0,0
21,KY,21227,Warren County,2020-01-22,0,0
21,KY,21229,Washington County,2020-01-22,0,0
21,KY,21231,Wayne County,2020-01-22,0,0
21,KY,21233,Webster County,2020-01-22,0,0
21,KY,21235,Whitley County,2020-01-22,0,0
21,KY,21237,Wolfe County,2020-01-22,0,0
21,KY,21239,Woodford County,2020-01-22,0,0
22,LA,22001,Acadia Parish,2020-01-22,0,0
22,LA,22003,Allen Parish,2020-01-22,0,0
22,LA,22005,Ascension Parish,2020-01-22,0,0
22,LA,22007,Assumption Parish,2020-01-22,0,0
22,LA,22009,Avoyelles Parish,2020-01-22,0,0
22,LA,22011,Beauregard Parish,2020-01-22,0,0
22,LA,22013,Bienville Parish,2020-01-22,0,0
22,LA,22015,Bossier Parish,2020-01-22,0,0
22,LA,22017,Caddo Parish,2020-01-22,0,0
22,LA,22019,Calcasieu Parish,2020-01-22,0,0
22,LA,22021,Caldwell Parish,2020-01-22,0,0
22,LA,22023,Cameron Parish,2020-01-22,0,0
22,LA,22025,Catahoula Parish,2020-01-22,0,0
22,LA,22027,Claiborne Parish,2020-01-22,0,0
22,LA,22029,Concordia Parish,2020-01-22,0,0
22,LA,22031,De Soto Parish,2020-01-22,0,0
22,LA,22033,East Baton Rouge Parish,2020-01-22,0,0
22,LA,22035,East Carroll Parish,2020-01-22,0,0
22,LA,22037,East Feliciana Parish,2020-01-22,0,0
22,LA,22039,Evangeline Parish,2020-01-22,0,0
22,LA,22041,Franklin Parish,2020-01-22,0,0
22,LA,22043,Grant Parish,2020-01-22,0,0
22,LA,22045,Iberia Parish,2020-01-22,0,0
22,LA,22047,Iberville Parish,2020-01-22,0,0
22,LA,22049,Jackson Parish,2020-01-22,0,0
22,LA,22051,Jefferson Parish,2020-01-22,0,0
22,LA,22053,Jefferson Davis Parish,2020-01-22,0,0
22,LA,22055,Lafayette Parish,2020-01-22,0,0
22,LA,22057,Lafourche Parish,2020-01-22,0,0
22,LA,22059,La Salle Parish,2020-01-22,0,0
22,LA,22061,Lincoln Parish,2020-01-22,0,0
22,LA,22063,Livingston Parish,2020-01-22,0,0
22,LA,22065,Madison Parish,2020-01-22,0,0
22,LA,22067,Morehouse Parish,2020-01-22,0,0
22,LA,22069,Natchitoches Parish,2020-01-22,0,0
22,LA,22071,Orleans Parish,2020-01-22,0,0
22,LA,22073,Ouachita Parish,2020-01-22,0,0
22,LA,22075,Plaquemines Parish,2020-01-22,0,0
22,LA,22077,Pointe Coupee Parish,2020-01-22,0,0
22,LA,22079,Rapides Parish,2020-01-22,0,0
22,LA,22081,Red River Parish,2020-01-22,0,0
22,LA,22083,Richland Parish,2020-01-22,0,0
22,LA,22085,Sabine Parish,2020-01-22,0,0
22,LA,22087,St. Bernard Parish,2020-01-22,0,0
22,LA,22089,St. Charles Parish,2020-01-22,0,0
22,LA,22091,St. Helena Parish,2020-01-22,0,0
22,LA,22093,St. James Parish,2020-01-22,0,0
22,LA,22095,St. John the Baptist Parish,2020-01-22,0,0
22,LA,22097,St. Landry Parish,2020-01-22,0,0
22,LA,22099,St. Martin Parish,2020-01-22,0,0
22,LA,22101,St. Mary Parish,2020-01-22,0,0
22,LA,22103,St. Tammany Parish,2020-01-22,0,0
22,LA,22105,Tangipahoa Parish,2020-01-22,0,0
22,LA,22107,Tensas Parish,2020-01-22,0,0
22,LA,22109,Terrebonne Parish,2020-01-22,0,0
22,LA,22111,Union Parish,2020-01-22,0,0
22,LA,22113,Vermilion Parish,2020-01-22,0,0
22,LA,22115,Vernon Parish,2020-01-22,0,0
22,LA,22117,Washington Parish,2020-01-22,0,0
22,LA,22119,Webster Parish,2020-01-22,0,0
22,LA,22121,West Baton Rouge Parish,2020-01-22,0,0
22,LA,22123,West Carroll Parish,2020-01-22,0,0
22,LA,22125,West Feliciana Parish,2020-01-22,0,0
22,LA,22127,Winn Parish,2020-01-22,0,0
23,ME,23001,Androscoggin County,2020-01-22,0,0
23,ME,23003,Aroostook County,2020-01-22,0,0
23,ME,23005,Cumberland County,2020-01-22,0,0
23,ME,23007,Franklin County,2020-01-22,0,0
23,ME,23009,Hancock County,2020-01-22,0,0
23,ME,23011,Kennebec County,2020-01-22,0,0
23,ME,23013,Knox County,2020-01-22,0,0
23,ME,23015,Lincoln County,2020-01-22,0,0
23,ME,23017,Oxford County,2020-01-22,0,0
23,ME,23019,Penobscot County,2020-01-22,0,0
23,ME,23021,Piscataquis County,2020-01-22,0,0
23,ME,23023,Sagadahoc County,2020-01-22,0,0
23,ME,23025,Somerset County,2020-01-22,0,0
23,ME,23027,Waldo County,2020-01-22,0,0
23,ME,23029,Washington County,2020-01-22,0,0
23,ME,23031,York County,2020-01-22,0,0
24,MD,24001,Allegany County,2020-01-22,0,0
24,MD,24003,Anne Arundel County,2020-01-22,0,0
24,MD,24005,Baltimore County,2020-01-22,0,0
24,MD,24009,Calvert County,2020-01-22,0,0
24,MD,24011,Caroline County,2020-01-22,0,0
24,MD,24013,Carroll County,2020-01-22,0,0
24,MD,24015,Cecil County,2020-01-22,0,0
24,MD,24017,Charles County,2020-01-22,0,0
24,MD,24019,Dorchester County,2020-01-22,0,0
24,MD,24021,Frederick County,2020-01-22,0,0
24,MD,24023,Garrett County,2020-01-22,0,0
24,MD,24025,Harford County,2020-01-22,0,0
24,MD,24027,Howard County,2020-01-22,0,0
24,MD,24029,Kent County,2020-01-22,0,0
24,MD,24031,Montgomery County,2020-01-22,0,0
24,MD,24033,Prince George's County,2020-01-22,0,0
24,MD,24035,Queen Anne's County,2020-01-22,0,0
24,MD,24037,St. Mary's County,2020-01-22,0,0
24,MD,24039,Somerset County,2020-01-22,0,0
24,MD,24041,Talbot County,2020-01-22,0,0
24,MD,24043,Washington County,2020-01-22,0,0
24,MD,24045,Wicomico County,2020-01-22,0,0
24,MD,24047,Worcester County,2020-01-22,0,0
24,MD,24510,Baltimore City,2020-01-22,0,0
25,MA,25001,Barnstable County,2020-01-22,0,0
25,MA,25003,Berkshire County,2020-01-22,0,0
25,MA,25005,Bristol County,2020-01-22,0,0
25,MA,25007,Dukes County,2020-01-22,0,0
25,MA,25009,Essex County,2020-01-22,0,0
25,MA,25011,Franklin County,2020-01-22,0,0
25,MA,25013,Hampden County,2020-01-22,0,0
25,MA,25015,Hampshire County,2020-01-22,0,0
25,MA,25017,Middlesex County,2020-01-22,0,0
25,MA,25019,Nantucket County,2020-01-22,0,0
25,MA,25021,Norfolk County,2020-01-22,0,0
25,MA,25023,Plymouth County,2020-01-22,0,0
25,MA,25025,Suffolk County,2020-01-22,0,0
25,MA,25027,Worcester County,2020-01-22,0,0
26,MI,26001,Alcona County,2020-01-22,0,0
26,MI,26003,Alger County,2020-01-22,0,0
26,MI,26005,Allegan County,2020-01-22,0,0
26,MI,26007,Alpena County,2020-01-22,0,0
26,MI,26009,Antrim County,2020-01-22,0,0
26,MI,26011,Arenac County,2020-01-22,0,0
26,MI,26013,Baraga County,2020-01-22,0,0
26,MI,26015,Barry County,2020-01-22,0,0
26,MI,26017,Bay County,2020-01-22,0,0
26,MI,26019,Benzie County,2020-01-22,0,0
26,MI,26021,Berrien County,2020-01-22,0,0
26,MI,26023,Branch County,2020-01-22,0,0
26,MI,26025,Calhoun County,2020-01-22,0,0
26,MI,26027,Cass County,2020-01-22,0,0
26,MI,26029,Charlevoix County,2020-01-22,0,0
26,MI,26031,Cheboygan County,2020-01-22,0,0
26,MI,26033,Chippewa County,2020-01-22,0,0
26,MI,26035,Clare County,2020-01-22,0,0
26,MI,26037,Clinton County,2020-01-22,0,0
26,MI,26039,Crawford County,2020-01-22,0,0
26,MI,26041,Delta County,2020-01-22,0,0
26,MI,26043,Dickinson County,2020-01-22,0,0
26,MI,26045,Eaton County,2020-01-22,0,0
26,MI,26047,Emmet County,2020-01-22,0,0
26,MI,26049,Genesee County,2020-01-22,0,0
26,MI,26051,Gladwin County,2020-01-22,0,0
26,MI,26053,Gogebic County,2020-01-22,0,0
26,MI,26055,Grand Traverse County,2020-01-22,0,0
26,MI,26057,Gratiot County,2020-01-22,0,0
26,MI,26059,Hillsdale County,2020-01-22,0,0
26,MI,26061,Houghton County,2020-01-22,0,0
26,MI,26063,Huron County,2020-01-22,0,0
26,MI,26065,Ingham County,2020-01-22,0,0
26,MI,26067,Ionia County,2020-01-22,0,0
26,MI,26069,Iosco County,2020-01-22,0,0
26,MI,26071,Iron County,2020-01-22,0,0
26,MI,26073,Isabella County,2020-01-22,0,0
26,MI,26075,Jackson County,2020-01-22,0,0
26,MI,26077,Kalamazoo County,2020-01-22,0,0
26,MI,26079,Kalkaska County,2020-01-22,0,0
26,MI,26081,Kent County,2020-01-22,0,0
26,MI,26083,Keweenaw County,2020-01-22,0,0
26,MI,26085,Lake County,2020-01-22,0,0
26,MI,26087,Lapeer County,2020-01-22,0,0
26,MI,26089,Leelanau County,2020-01-22,0,0
26,MI,26091,Lenawee County,2020-01-22,0,0
26,MI,26093,Livingston County,2020-01-22,0,0
26,MI,26095,Luce County,2020-01-22,0,0
26,MI,26097,Mackinac County,2020-01-22,0,0
26,MI,26099,Macomb County,2020-01-22,0,0
26,MI,26101,Manistee County,2020-01-22,0,0
26,MI,26103,Marquette County,2020-01-22,0,0
26,MI,26105,Mason County,2020-01-22,0,0
26,MI,26107,Mecosta County,2020-01-22,0,0
26,MI,26109,Menominee County,2020-01-22,0,0
26,MI,26111,Midland County,2020-01-22,0,0
26,MI,26113,Missaukee County,2020-01-22,0,0
26,MI,26115,Monroe County,2020-01-22,0,0
26,MI,26117,Montcalm County,2020-01-22,0,0
26,MI,26119,Montmorency County,2020-01-22,0,0
26,MI,26121,Muskegon County,2020-01-22,0,0
26,MI,26123,Newaygo County,2020-01-22,0,0
26,MI,26125,Oakland County,2020-01-22,0,0
26,MI,26127,Oceana County,2020-01-22,0,0
26,MI,26129,Ogemaw County,2020-01-22,0,0
26,MI,26131,Ontonagon County,2020-01-22,0,0
26,MI,26133,Osceola County,2020-01-22,0,0
26,MI,26135,Oscoda County,2020-01-22,0,0
26,MI,26137,Otsego County,2020-01-22,0,0
26,MI,26139,Ottawa County,2020-01-22,0,0
26,MI,26141,Presque Isle County,2020-01-22,0,0
26,MI,26143,Roscommon County,2020-01-22,0,0
26,MI,26145,Saginaw County,2020-01-22,0,0
26,MI,26147,St. Clair County,2020-01-22,0,0
26,MI,26149,St. Joseph County,2020-01-22,0,0
26,MI,26151,Sanilac County,2020-01-22,0,0
26,MI,26153,Schoolcraft County,2020-01-22,0,0
26,MI,26155,Shiawassee County,2020-01-22,0,0
26,MI,26157,Tuscola County,2020-01-22,0,0
26,MI,26159,Van Buren County,2020-01-22,0,0
26,MI,26161,Washtenaw County,2020-01-22,0,0
26,MI,26163,Wayne County,2020-01-22,0,0
26,MI,26165,Wexford County,2020-01-22,0,0
27,MN,27001,Aitkin County,2020-01-22,0,0
27,MN,27003,Anoka County,2020-01-22,0,0
27,MN,27005,Becker County,2020-01-22,0,0
27,MN,27007,Beltrami County,2020-01-22,0,0
27,MN,27009,Benton County,2020-01-22,0,0
27,MN,27011,Big Stone County,2020-01-22,0,0
27,MN,27013,Blue Earth County,2020-01-22,0,0
27,MN,27015,Brown County,2020-01-22,0,0
27,MN,27017,Carlton County,2020-01-22,0,0
27,MN,27019,Carver County,2020-01-22,0,0
27,MN,27021,Cass County,2020-01-22,0,0
27,MN,27023,Chippewa County,2020-01-22,0,0
27,MN,27025,Chisago County,2020-01-22,0,0
27,MN,27027,Clay County,2020-01-22,0,0
27,MN,27029,Clearwater County,2020-01-22,0,0
27,MN,27031,Cook County,2020-01-22,0,0
27,MN,27033,Cottonwood County,2020-01-22,0,0
27,MN,27035,Crow Wing County,2020-01-22,0,0
27,MN,27037,Dakota County,2020-01-22,0,0
27,MN,27039,Dodge County,2020-01-22,0,0
27,MN,27041,Douglas County,2020-01-22,0,0
27,MN,27043,Faribault County,2020-01-22,0,0
27,MN,27045,Fillmore County,2020-01-22,0,0
27,MN,27047,Freeborn County,2020-01-22,0,0
27,MN,27049,Goodhue County,2020-01-22,0,0
27,MN,27051,Grant County,2020-01-22,0,0
27,MN,27053,Hennepin County,2020-01-22,0,0
27,MN,27055,Houston County,2020-01-22,0,0
27,MN,27057,Hubbard County,2020-01-22,0,0
27,MN,27059,Isanti County,2020-01-22,0,0
27,MN,27061,Itasca County,2020-01-22,0,0
27,MN,27063,Jackson County,2020-01-22,0,0
27,MN,27065,Kanabec County,2020-01-22,0,0
27,MN,27067,Kandiyohi County,2020-01-22,0,0
27,MN,27069,Kittson County,2020-01-22,0,0
27,MN,27071,Koochiching County,2020-01-22,0,0
27,MN,27073,Lac Qui Parle County,2020-01-22,0,0
27,MN,27075,Lake County,2020-01-22,0,0
27,MN,27077,Lake of the Woods County,2020-01-22,0,0
27,MN,27079,Le Sueur County,2020-01-22,0,0
27,MN,27081,Lincoln County,2020-01-22,0,0
27,MN,27083,Lyon County,2020-01-22,0,0
27,MN,27085,McLeod County,2020-01-22,0,0
27,MN,27087,Mahnomen County,2020-01-22,0,0
27,MN,27089,Marshall County,2020-01-22,0,0
27,MN,27091,Martin County,2020-01-22,0,0
27,MN,27093,Meeker County,2020-01-22,0,0
27,MN,27095,Mille Lacs County,2020-01-22,0,0
27,MN,27097,Morrison County,2020-01-22,0,0
27,MN,27099,Mower County,2020-01-22,0,0
27,MN,27101,Murray County,2020-01-22,0,0
27,MN,27103,Nicollet County,2020-01-22,0,0
27,MN,27105,Nobles County,2020-01-22,0,0
27,MN,27107,Norman County,2020-01-22,0,0
27,MN,27109,Olmsted County,2020-01-22,0,0
27,MN,27111,Otter Tail County,2020-01-22,0,0
27,MN,27113,Pennington County,2020-01-22,0,0
27,MN,27115,Pine County,2020-01-22,0,0
27,MN,27117,Pipestone County,2020-01-22,0,0
27,MN,27119,Polk County,2020-01-22,0,0
27,MN,27121,Pope County,2020-01-22,0,0
27,MN,27123,Ramsey County,2020-01-22,0,0
27,MN,27125,Red Lake County,2020-01-22,0,0
27,MN,27127,Redwood County,2020-01-22,0,0
27,MN,27129,Renville County,2020-01-22,0,0
27,MN,27131,Rice County,2020-01-22,0,0
27,MN,27133,Rock County,2020-01-22,0,0
27,MN,27135,Roseau County,2020-01-22,0,0
27,MN,27137,St. Louis County,2020-01-22,0,0
27,MN,27139,Scott County,2020-01-22,0,0
27,MN,27141,Sherburne County,2020-01-22,0,0
27,MN,27143,Sibley County,2020-01-22,0,0
27,MN,27145,Stearns County,2020-01-22,0,0
27,MN,27147,Steele County,2020-01-22,0,0
27,MN,27149,Stevens County,2020-01-22,0,0
27,MN,27151,Swift County,2020-01-22,0,0
27,MN,27153,Todd County,2020-01-22,0,0
27,MN,27155,Traverse County,2020-01-22,0,0
27,MN,27157,Wabasha County,2020-01-22,0,0
27,MN,27159,Wadena County,2020-01-22,0,0
27,MN,27161,Waseca County,2020-01-22,0,0
27,MN,27163,Washington County,2020-01-22,0,0
27,MN,27165,Watonwan County,2020-01-22,0,0
27,MN,27167,Wilkin County,2020-01-22,0,0
27,MN,27169,Winona County,2020-01-22,0,0
27,MN,27171,Wright County,2020-01-22,0,0
27,MN,27173,Yellow Medicine County,2020-01-22,0,0
28,MS,28001,Adams County,2020-01-22,0,0
28,MS,28003,Alcorn County,2020-01-22,0,0
28,MS,28005,Amite County,2020-01-22,0,0
28,MS,28007,Attala County,2020-01-22,0,0
28,MS,28009,Benton County,2020-01-22,0,0
28,MS,28011,Bolivar County,2020-01-22,0,0
28,MS,28013,Calhoun County,2020-01-22,0,0
28,MS,28015,Carroll County,2020-01-22,0,0
28,MS,28017,Chickasaw County,2020-01-22,0,0
28,MS,28019,Choctaw County,2020-01-22,0,0
28,MS,28021,Claiborne County,2020-01-22,0,0
28,MS,28023,Clarke County,2020-01-22,0,0
28,MS,28025,Clay County,2020-01-22,0,0
28,MS,28027,Coahoma County,2020-01-22,0,0
28,MS,28029,Copiah County,2020-01-22,0,0
28,MS,28031,Covington County,2020-01-22,0,0
28,MS,28033,DeSoto County,2020-01-22,0,0
28,MS,28035,Forrest County,2020-01-22,0,0
28,MS,28037,Franklin County,2020-01-22,0,0
28,MS,28039,George County,2020-01-22,0,0
28,MS,28041,Greene County,2020-01-22,0,0
28,MS,28043,Grenada County,2020-01-22,0,0
28,MS,28045,Hancock County,2020-01-22,0,0
28,MS,28047,Harrison County,2020-01-22,0,0
28,MS,28049,Hinds County,2020-01-22,0,0
28,MS,28051,Holmes County,2020-01-22,0,0
28,MS,28053,Humphreys County,2020-01-22,0,0
28,MS,28055,Issaquena County,2020-01-22,0,0
28,MS,28057,Itawamba County,2020-01-22,0,0
28,MS,28059,Jackson County,2020-01-22,0,0
28,MS,28061,Jasper County,2020-01-22,0,0
28,MS,28063,Jefferson County,2020-01-22,0,0
28,MS,28065,Jefferson Davis County,2020-01-22,0,0
28,MS,28067,Jones County,2020-01-22,0,0
28,MS,28069,Kemper County,2020-01-22,0,0
28,MS,28071,Lafayette County,2020-01-22,0,0
28,MS,28073,Lamar County,2020-01-22,0,0
28,MS,28075,Lauderdale County,2020-01-22,0,0
28,MS,28077,Lawrence County,2020-01-22,0,0
28,MS,28079,Leake County,2020-01-22,0,0
28,MS,28081,Lee County,2020-01-22,0,0
28,MS,28083,Leflore County,2020-01-22,0,0
28,MS,28085,Lincoln County,2020-01-22,0,0
28,MS,28087,Lowndes County,2020-01-22,0,0
28,MS,28089,Madison County,2020-01-22,0,0
28,MS,28091,Marion County,2020-01-22,0,0
28,MS,28093,Marshall County,2020-01-22,0,0
28,MS,28095,Monroe County,2020-01-22,0,0
28,MS,28097,Montgomery County,2020-01-22,0,0
28,MS,28099,Neshoba County,2020-01-22,0,0
28,MS,28101,Newton County,2020-01-22,0,0
28,MS,28103,Noxubee County,2020-01-22,0,0
28,MS,28105,Oktibbeha County,2020-01-22,0,0
28,MS,28107,Panola County,2020-01-22,0,0
28,MS,28109,Pearl River County,2020-01-22,0,0
28,MS,28111,Perry County,2020-01-22,0,0
28,MS,28113,Pike County,2020-01-22,0,0
28,MS,28115,Pontotoc County,2020-01-22,0,0
28,MS,28117,Prentiss County,2020-01-22,0,0
28,MS,28119,Quitman County,2020-01-22,0,0
28,MS,28121,Rankin County,2020-01-22,0,0
28,MS,28123,Scott County,2020-01-22,0,0
28,MS,28125,Sharkey County,2020-01-22,0,0
28,MS,28127,Simpson County,2020-01-22,0,0
28,MS,28129,Smith County,2020-01-22,0,0
28,MS,28131,Stone County,2020-01-22,0,0
28,MS,28133,Sunflower County,2020-01-22,0,0
28,MS,28135,Tallahatchie County,2020-01-22,0,0
28,MS,28137,Tate County,2020-01-22,0,0
28,MS,28139,Tippah County,2020-01-22,0,0
28,MS,28141,Tishomingo County,2020-01-22,0,0
28,MS,28143,Tunica County,2020-01-22,0,0
28,MS,28145,Union County,2020-01-22,0,0
28,MS,28147,Walthall County,2020-01-22,0,0
28,MS,28149,Warren County,2020-01-22,0,0
28,MS,28151,Washington County,2020-01-22,0,0
28,MS,28153,Wayne County,2020-01-22,0,0
28,MS,28155,Webster County,2020-01-22,0,0
28,MS,28157,Wilkinson County,2020-01-22,0,0
28,MS,28159,Winston County,2020-01-22,0,0
28,MS,28161,Yalobusha County,2020-01-22,0,0
28,MS,28163,Yazoo County,2020-01-22,0,0
29,MO,29001,Adair County,2020-01-22,0,0
29,MO,29003,Andrew County,2020-01-22,0,0
29,MO,29005,Atchison County,2020-01-22,0,0
29,MO,29007,Audrain County,2020-01-22,0,0
29,MO,29009,Barry County,2020-01-22,0,0
29,MO,29011,Barton County,2020-01-22,0,0
29,MO,29013,Bates County,2020-01-22,0,0
29,MO,29015,Benton County,2020-01-22,0,0
29,MO,29017,Bollinger County,2020-01-22,0,0
29,MO,29019,Boone County,2020-01-22,0,0
29,MO,29021,Buchanan County,2020-01-22,0,0
29,MO,29023,Butler County,2020-01-22,0,0
29,MO,29025,Caldwell County,2020-01-22,0,0
29,MO,29027,Callaway County,2020-01-22,0,0
29,MO,29029,Camden County,2020-01-22,0,0
29,MO,29031,Cape Girardeau County,2020-01-22,0,0
29,MO,29033,Carroll County,2020-01-22,0,0
29,MO,29035,Carter County,2020-01-22,0,0
29,MO,29037,Cass County,2020-01-22,0,0
29,MO,29039,Cedar County,2020-01-22,0,0
29,MO,29041,Chariton County,2020-01-22,0,0
29,MO,29043,Christian County,2020-01-22,0,0
29,MO,29045,Clark County,2020-01-22,0,0
29,MO,29047,Clay County,2020-01-22,0,0
29,MO,29049,Clinton County,2020-01-22,0,0
29,MO,29051,Cole County,2020-01-22,0,0
29,MO,29053,Cooper County,2020-01-22,0,0
29,MO,29055,Crawford County,2020-01-22,0,0
29,MO,29057,Dade County,2020-01-22,0,0
29,MO,29059,Dallas County,2020-01-22,0,0
29,MO,29061,Daviess County,2020-01-22,0,0
29,MO,29063,DeKalb County,2020-01-22,0,0
29,MO,29065,Dent County,2020-01-22,0,0
29,MO,29067,Douglas County,2020-01-22,0,0
29,MO,29069,Dunklin County,2020-01-22,0,0
29,MO,29071,Franklin County,2020-01-22,0,0
29,MO,29073,Gasconade County,2020-01-22,0,0
29,MO,29075,Gentry County,2020-01-22,0,0
29,MO,29077,Greene County,2020-01-22,0,0
29,MO,29079,Grundy County,2020-01-22,0,0
29,MO,29081,Harrison County,2020-01-22,0,0
29,MO,29083,Henry County,2020-01-22,0,0
29,MO,29085,Hickory County,2020-01-22,0,0
29,MO,29087,Holt County,2020-01-22,0,0
29,MO,29089,Howard County,2020-01-22,0,0
29,MO,29091,Howell County,2020-01-22,0,0
29,MO,29093,Iron County,2020-01-22,0,0
29,MO,29095,Jackson County (including other portions of Kansas City),2020-01-22,0,0
29,MO,29097,Jasper County,2020-01-22,0,0
29,MO,29099,Jefferson County,2020-01-22,0,0
29,MO,29101,Johnson County,2020-01-22,0,0
29,MO,29103,Knox County,2020-01-22,0,0
29,MO,29105,Laclede County,2020-01-22,0,0
29,MO,29107,Lafayette County,2020-01-22,0,0
29,MO,29109,Lawrence County,2020-01-22,0,0
29,MO,29111,Lewis County,2020-01-22,0,0
29,MO,29113,Lincoln County,2020-01-22,0,0
29,MO,29115,Linn County,2020-01-22,0,0
29,MO,29117,Livingston County,2020-01-22,0,0
29,MO,29119,McDonald County,2020-01-22,0,0
29,MO,29121,Macon County,2020-01-22,0,0
29,MO,29123,Madison County,2020-01-22,0,0
29,MO,29125,Maries County,2020-01-22,0,0
29,MO,29127,Marion County,2020-01-22,0,0
29,MO,29129,Mercer County,2020-01-22,0,0
29,MO,29131,Miller County,2020-01-22,0,0
29,MO,29133,Mississippi County,2020-01-22,0,0
29,MO,29135,Moniteau County,2020-01-22,0,0
29,MO,29137,Monroe County,2020-01-22,0,0
29,MO,29139,Montgomery County,2020-01-22,0,0
29,MO,29141,Morgan County,2020-01-22,0,0
29,MO,29143,New Madrid County,2020-01-22,0,0
29,MO,29145,Newton County,2020-01-22,0,0
29,MO,29147,Nodaway County,2020-01-22,0,0
29,MO,29149,Oregon County,2020-01-22,0,0
29,MO,29151,Osage County,2020-01-22,0,0
29,MO,29153,Ozark County,2020-01-22,0,0
29,MO,29155,Pemiscot County,2020-01-22,0,0
29,MO,29157,Perry County,2020-01-22,0,0
29,MO,29159,Pettis County,2020-01-22,0,0
29,MO,29161,Phelps County,2020-01-22,0,0
29,MO,29163,Pike County,2020-01-22,0,0
29,MO,29165,Platte County,2020-01-22,0,0
29,MO,29167,Polk County,2020-01-22,0,0
29,MO,29169,Pulaski County,2020-01-22,0,0
29,MO,29171,Putnam County,2020-01-22,0,0
29,MO,29173,Ralls County,2020-01-22,0,0
29,MO,29175,Randolph County,2020-01-22,0,0
29,MO,29177,Ray County,2020-01-22,0,0
29,MO,29179,Reynolds County,2020-01-22,0,0
29,MO,29181,Ripley County,2020-01-22,0,0
29,MO,29183,St. Charles County,2020-01-22,0,0
29,MO,29185,St. Clair County,2020-01-22,0,0
29,MO,29186,Ste. Genevieve County,2020-01-22,0,0
29,MO,29187,St. Francois County,2020-01-22,0,0
29,MO,29189,St. Louis County,2020-01-22,0,0
29,MO,29195,Saline County,2020-01-22,0,0
29,MO,29197,Schuyler County,2020-01-22,0,0
29,MO,29199,Scotland County,2020-01-22,0,0
29,MO,29201,Scott County,2020-01-22,0,0
29,MO,29203,Shannon County,2020-01-22,0,0
29,MO,29205,Shelby County,2020-01-22,0,0
29,MO,29207,Stoddard County,2020-01-22,0,0
29,MO,29209,Stone County,2020-01-22,0,0
29,MO,29211,Sullivan County,2020-01-22,0,0
29,MO,29213,Taney County,2020-01-22,0,0
29,MO,29215,Texas County,2020-01-22,0,0
29,MO,29217,Vernon County,2020-01-22,0,0
29,MO,29219,Warren County,2020-01-22,0,0
29,MO,29221,Washington County,2020-01-22,0,0
29,MO,29223,Wayne County,2020-01-22,0,0
29,MO,29225,Webster County,2020-01-22,0,0
29,MO,29227,Worth County,2020-01-22,0,0
29,MO,29229,Wright County,2020-01-22,0,0
29,MO,29510,City of St. Louis,2020-01-22,0,0
30,MT,30001,Beaverhead County,2020-01-22,0,0
30,MT,30003,Big Horn County,2020-01-22,0,0
30,MT,30005,Blaine County,2020-01-22,0,0
30,MT,30007,Broadwater County,2020-01-22,0,0
30,MT,30009,Carbon County,2020-01-22,0,0
30,MT,30011,Carter County,2020-01-22,0,0
30,MT,30013,Cascade County,2020-01-22,0,0
30,MT,30015,Chouteau County,2020-01-22,0,0
30,MT,30017,Custer County,2020-01-22,0,0
30,MT,30019,Daniels County,2020-01-22,0,0
30,MT,30021,Dawson County,2020-01-22,0,0
30,MT,30023,Deer Lodge County,2020-01-22,0,0
30,MT,30025,Fallon County,2020-01-22,0,0
30,MT,30027,Fergus County,2020-01-22,0,0
30,MT,30029,Flathead County,2020-01-22,0,0
30,MT,30031,Gallatin County,2020-01-22,0,0
30,MT,30033,Garfield County,2020-01-22,0,0
30,MT,30035,Glacier County,2020-01-22,0,0
30,MT,30037,Golden Valley County,2020-01-22,0,0
30,MT,30039,Granite County,2020-01-22,0,0
30,MT,30041,Hill County,2020-01-22,0,0
30,MT,30043,Jefferson County,2020-01-22,0,0
30,MT,30045,Judith Basin County,2020-01-22,0,0
30,MT,30047,Lake County,2020-01-22,0,0
30,MT,30049,Lewis and Clark County,2020-01-22,0,0
30,MT,30051,Liberty County,2020-01-22,0,0
30,MT,30053,Lincoln County,2020-01-22,0,0
30,MT,30055,McCone County,2020-01-22,0,0
30,MT,30057,Madison County,2020-01-22,0,0
30,MT,30059,Meagher County,2020-01-22,0,0
30,MT,30061,Mineral County,2020-01-22,0,0
30,MT,30063,Missoula County,2020-01-22,0,0
30,MT,30065,Musselshell County,2020-01-22,0,0
30,MT,30067,Park County,2020-01-22,0,0
30,MT,30069,Petroleum County,2020-01-22,0,0
30,MT,30071,Phillips County,2020-01-22,0,0
30,MT,30073,Pondera County,2020-01-22,0,0
30,MT,30075,Powder River County,2020-01-22,0,0
30,MT,30077,Powell County,2020-01-22,0,0
30,MT,30079,Prairie County,2020-01-22,0,0
30,MT,30081,Ravalli County,2020-01-22,0,0
30,MT,30083,Richland County,2020-01-22,0,0
30,MT,30085,Roosevelt County,2020-01-22,0,0
30,MT,30087,Rosebud County,2020-01-22,0,0
30,MT,30089,Sanders County,2020-01-22,0,0
30,MT,30091,Sheridan County,2020-01-22,0,0
30,MT,30093,Silver Bow County,2020-01-22,0,0
30,MT,30095,Stillwater County,2020-01-22,0,0
30,MT,30097,Sweet Grass County,2020-01-22,0,0
30,MT,30099,Teton County,2020-01-22,0,0
30,MT,30101,Toole County,2020-01-22,0,0
30,MT,30103,Treasure County,2020-01-22,0,0
30,MT,30105,Valley County,2020-01-22,0,0
30,MT,30107,Wheatland County,2020-01-22,0,0
30,MT,30109,Wibaux County,2020-01-22,0,0
30,MT,30111,Yellowstone County,2020-01-22,0,0
31,NE,31001,Adams County,2020-01-22,0,0
31,NE,31003,Antelope County,2020-01-22,0,0
31,NE,31005,Arthur County,2020-01-22,0,0
31,NE,31007,Banner County,2020-01-22,0,0
31,NE,31009,Blaine County,2020-01-22,0,0
31,NE,31011,Boone County,2020-01-22,0,0
31,NE,31013,Box Butte County,2020-01-22,0,0
31,NE,31015,Boyd County,2020-01-22,0,0
31,NE,31017,Brown County,2020-01-22,0,0
31,NE,31019,Buffalo County,2020-01-22,0,0
31,NE,31021,Burt County,2020-01-22,0,0
31,NE,31023,Butler County,2020-01-22,0,0
31,NE,31025,Cass County,2020-01-22,0,0
31,NE,31027,Cedar County,2020-01-22,0,0
31,NE,31029,Chase County,2020-01-22,0,0
31,NE,31031,Cherry County,2020-01-22,0,0
31,NE,31033,Cheyenne County,2020-01-22,0,0
31,NE,31035,Clay County,2020-01-22,0,0
31,NE,31037,Colfax County,2020-01-22,0,0
31,NE,31039,Cuming County,2020-01-22,0,0
31,NE,31041,Custer County,2020-01-22,0,0
31,NE,31043,Dakota County,2020-01-22,0,0
31,NE,31045,Dawes County,2020-01-22,0,0
31,NE,31047,Dawson County,2020-01-22,0,0
31,NE,31049,Deuel County,2020-01-22,0,0
31,NE,31051,Dixon County,2020-01-22,0,0
31,NE,31053,Dodge County,2020-01-22,0,0
31,NE,31055,Douglas County,2020-01-22,0,0
31,NE,31057,Dundy County,2020-01-22,0,0
31,NE,31059,Fillmore County,2020-01-22,0,0
31,NE,31061,Franklin County,2020-01-22,0,0
31,NE,31063,Frontier County,2020-01-22,0,0
31,NE,31065,Furnas County,2020-01-22,0,0
31,NE,31067,Gage County,2020-01-22,0,0
31,NE,31069,Garden County,2020-01-22,0,0
31,NE,31071,Garfield County,2020-01-22,0,0
31,NE,31073,Gosper County,2020-01-22,0,0
31,NE,31075,Grant County,2020-01-22,0,0
31,NE,31077,Greeley County,2020-01-22,0,0
31,NE,31079,Hall County,2020-01-22,0,0
31,NE,31081,Hamilton County,2020-01-22,0,0
31,NE,31083,Harlan County,2020-01-22,0,0
31,NE,31085,Hayes County,2020-01-22,0,0
31,NE,31087,Hitchcock County,2020-01-22,0,0
31,NE,31089,Holt County,2020-01-22,0,0
31,NE,31091,Hooker County,2020-01-22,0,0
31,NE,31093,Howard County,2020-01-22,0,0
31,NE,31095,Jefferson County,2020-01-22,0,0
31,NE,31097,Johnson County,2020-01-22,0,0
31,NE,31099,Kearney County,2020-01-22,0,0
31,NE,31101,Keith County,2020-01-22,0,0
31,NE,31103,Keya Paha County,2020-01-22,0,0
31,NE,31105,Kimball County,2020-01-22,0,0
31,NE,31107,Knox County,2020-01-22,0,0
31,NE,31109,Lancaster County,2020-01-22,0,0
31,NE,31111,Lincoln County,2020-01-22,0,0
31,NE,31113,Logan County,2020-01-22,0,0
31,NE,31115,Loup County,2020-01-22,0,0
31,NE,31117,McPherson County,2020-01-22,0,0
31,NE,31119,Madison County,2020-01-22,0,0
31,NE,31121,Merrick County,2020-01-22,0,0
31,NE,31123,Morrill County,2020-01-22,0,0
31,NE,31125,Nance County,2020-01-22,0,0
31,NE,31127,Nemaha County,2020-01-22,0,0
31,NE,31129,Nuckolls County,2020-01-22,0,0
31,NE,31131,Otoe County,2020-01-22,0,0
31,NE,31133,Pawnee County,2020-01-22,0,0
31,NE,31135,Perkins County,2020-01-22,0,0
31,NE,31137,Phelps County,2020-01-22,0,0
31,NE,31139,Pierce County,2020-01-22,0,0
31,NE,31141,Platte County,2020-01-22,0,0
31,NE,31143,Polk County,2020-01-22,0,0
31,NE,31145,Red Willow County,2020-01-22,0,0
31,NE,31147,Richardson County,2020-01-22,0,0
31,NE,31149,Rock County,2020-01-22,0,0
31,NE,31151,Saline County,2020-01-22,0,0
31,NE,31153,Sarpy County,2020-01-22,0,0
31,NE,31155,Saunders County,2020-01-22,0,0
31,NE,31157,Scotts Bluff County,2020-01-22,0,0
31,NE,31159,Seward County,2020-01-22,0,0
31,NE,31161,Sheridan County,2020-01-22,0,0
31,NE,31163,Sherman County,2020-01-22,0,0
31,NE,31165,Sioux County,2020-01-22,0,0
31,NE,31167,Stanton County,2020-01-22,0,0
31,NE,31169,Thayer County,2020-01-22,0,0
31,NE,31171,Thomas County,2020-01-22,0,0
31,NE,31173,Thurston County,2020-01-22,0,0
31,NE,31175,Valley County,2020-01-22,0,0
31,NE,31177,Washington County,2020-01-22,0,0
31,NE,31179,Wayne County,2020-01-22,0,0
31,NE,31181,Webster County,2020-01-22,0,0
31,NE,31183,Wheeler County,2020-01-22,0,0
31,NE,31185,York County,2020-01-22,0,0
32,NV,32001,Churchill County,2020-01-22,0,0
32,NV,32003,Clark County,2020-01-22,0,0
32,NV,32005,Douglas County,2020-01-22,0,0
32,NV,32007,Elko County,2020-01-22,0,0
32,NV,32009,Esmeralda County,2020-01-22,0,0
32,NV,32011,Eureka County,2020-01-22,0,0
32,NV,32013,Humboldt County,2020-01-22,0,0
32,NV,32015,Lander County,2020-01-22,0,0
32,NV,32017,Lincoln County,2020-01-22,0,0
32,NV,32019,Lyon County,2020-01-22,0,0
32,NV,32021,Mineral County,2020-01-22,0,0
32,NV,32023,Nye County,2020-01-22,0,0
32,NV,32027,Pershing County,2020-01-22,0,0
32,NV,32029,Storey County,2020-01-22,0,0
32,NV,32031,Washoe County,2020-01-22,0,0
32,NV,32033,White Pine County,2020-01-22,0,0
32,NV,32510,Carson City,2020-01-22,0,0
33,NH,33001,Belknap County,2020-01-22,0,0
33,NH,33003,Carroll County,2020-01-22,0,0
33,NH,33005,Cheshire County,2020-01-22,0,0
33,NH,33007,Coos County,2020-01-22,0,0
33,NH,33009,Grafton County,2020-01-22,0,0
33,NH,33011,Hillsborough County,2020-01-22,0,0
33,NH,33013,Merrimack County,2020-01-22,0,0
33,NH,33015,Rockingham County,2020-01-22,0,0
33,NH,33017,Strafford County,2020-01-22,0,0
33,NH,33019,Sullivan County,2020-01-22,0,0
34,NJ,34001,Atlantic County,2020-01-22,0,0
34,NJ,34003,Bergen County,2020-01-22,0,0
34,NJ,34005,Burlington County,2020-01-22,0,0
34,NJ,34007,Camden County,2020-01-22,0,0
34,NJ,34009,Cape May County,2020-01-22,0,0
34,NJ,34011,Cumberland County,2020-01-22,0,0
34,NJ,34013,Essex County,2020-01-22,0,0
34,NJ,34015,Gloucester County,2020-01-22,0,0
34,NJ,34017,Hudson County,2020-01-22,0,0
34,NJ,34019,Hunterdon County,2020-01-22,0,0
34,NJ,34021,Mercer County,2020-01-22,0,0
34,NJ,34023,Middlesex County,2020-01-22,0,0
34,NJ,34025,Monmouth County,2020-01-22,0,0
34,NJ,34027,Morris County,2020-01-22,0,0
34,NJ,34029,Ocean County,2020-01-22,0,0
34,NJ,34031,Passaic County,2020-01-22,0,0
34,NJ,34033,Salem County,2020-01-22,0,0
34,NJ,34035,Somerset County,2020-01-22,0,0
34,NJ,34037,Sussex County,2020-01-22,0,0
34,NJ,34039,Union County,2020-01-22,0,0
34,NJ,34041,Warren County,2020-01-22,0,0
35,NM,35001,Bernalillo County,2020-01-22,0,0
35,NM,35003,Catron County,2020-01-22,0,0
35,NM,35005,Chaves County,2020-01-22,0,0
35,NM,35006,Cibola County,2020-01-22,0,0
35,NM,35007,Colfax County,2020-01-22,0,0
35,NM,35009,Curry County,2020-01-22,0,0
35,NM,35011,De Baca County,2020-01-22,0,0
